StudentID,StudentName,CourseID,CourseName,Instructor
35,Ian,135,Physics107,Prof. White
1,Alice,110,History102,Prof. Johnson
12,Liam,135,Physics107,Prof. White
12,Liam,114,History103,Prof. Johnson
33,Gary,129,Math108,Prof. Taylor
24,Xander,135,Physics107,Prof. White
21,Uma,113,CS103,Prof. Green
38,Lila,130,Physics106,Prof. White
28,Ben,128,History106,Prof. Johnson
17,Quinn,122,Biology103,Prof. Gray
31,Ethan,134,Math109,Prof. Taylor
19,Steve,133,History107,Prof. Johnson
17,Quinn,138,History108,Prof. Johnson
11,Karen,121,CS105,Prof. Green
6,Frank,124,Math107,Prof. Taylor
42,Penny,104,History101,Prof. Johnson
3,Carol,136,CS108,Prof. Green
13,Mia,117,CS104,Prof. Green
18,Rachel,118,Math106,Prof. Taylor
3,Carol,110,History102,Prof. Johnson
24,Xander,120,Physics104,Prof. White
49,Xenia,111,Physics102,Prof. White
30,Diana,130,Physics106,Prof. White
44,Sara,133,History107,Prof. Johnson
42,Penny,130,Physics106,Prof. White
17,Quinn,102,CS101,Prof. Brown
46,Ulysses,102,CS101,Prof. Brown
38,Lila,138,History108,Prof. Johnson
41,Omar,110,History102,Prof. Johnson
49,Xenia,132,Biology105,Prof. Gray
9,Ivy,127,Biology104,Prof. Gray
38,Lila,132,Biology105,Prof. Gray
34,Haley,135,Physics107,Prof. White
19,Steve,125,Physics105,Prof. White
12,Liam,113,CS103,Prof. Green
11,Karen,124,Math107,Prof. Taylor
9,Ivy,121,CS105,Prof. Green
36,Jane,104,History101,Prof. Johnson
20,Tracy,116,Physics103,Prof. White
35,Ian,110,History102,Prof. Johnson
45,Tina,110,History102,Prof. Johnson
2,Bob,137,Biology106,Prof. Gray
25,Yara,133,History107,Prof. Johnson
43,Ray,127,Biology104,Prof. Gray
37,Kyle,122,Biology103,Prof. Gray
33,Gary,131,CS107,Prof. Green
28,Ben,103,Physics101,Prof. White
51,Aaron,109,Math104,Prof. Smith
25,Yara,104,History101,Prof. Johnson
20,Tracy,133,History107,Prof. Johnson
8,Hank,101,Math101,Prof. Smith
30,Diana,102,CS101,Prof. Brown
7,Grace,127,Biology104,Prof. Gray
35,Ian,112,Biology102,Prof. Gray
2,Bob,125,Physics105,Prof. White
40,Nina,108,Biology101,Prof. Gray
5,Eve,110,History102,Prof. Johnson
35,Ian,109,Math104,Prof. Smith
41,Omar,103,Physics101,Prof. White
47,Violet,131,CS107,Prof. Green
46,Ulysses,107,Math103,Prof. Taylor
14,Noah,112,Biology102,Prof. Gray
15,Olivia,131,CS107,Prof. Green
36,Jane,133,History107,Prof. Johnson
4,Dave,129,Math108,Prof. Taylor
21,Uma,128,History106,Prof. Johnson
49,Xenia,123,History105,Prof. Johnson
19,Steve,129,Math108,Prof. Taylor
30,Diana,111,Physics102,Prof. White
7,Grace,139,Math110,Prof. Taylor
24,Xander,113,CS103,Prof. Green
24,Xander,126,CS106,Prof. Green
19,Steve,130,Physics106,Prof. White
44,Sara,135,Physics107,Prof. White
13,Mia,103,Physics101,Prof. White
38,Lila,125,Physics105,Prof. White
14,Noah,115,Math105,Prof. Taylor
26,Zane,131,CS107,Prof. Green
15,Olivia,137,Biology106,Prof. Gray
2,Bob,134,Math109,Prof. Taylor
17,Quinn,136,CS108,Prof. Green
3,Carol,131,CS107,Prof. Green
27,Alex,103,Physics101,Prof. White
32,Fiona,132,Biology105,Prof. Gray
6,Frank,132,Biology105,Prof. Gray
29,Chloe,107,Math103,Prof. Taylor
5,Eve,105,Math102,Prof. Taylor
39,Mike,107,Math103,Prof. Taylor
40,Nina,136,CS108,Prof. Green
41,Omar,117,CS104,Prof. Green
30,Diana,103,Physics101,Prof. White
30,Diana,132,Biology105,Prof. Gray
27,Alex,135,Physics107,Prof. White
7,Grace,128,History106,Prof. Johnson
27,Alex,139,Math110,Prof. Taylor
5,Eve,139,Math110,Prof. Taylor
23,Will,124,Math107,Prof. Taylor
23,Will,115,Math105,Prof. Taylor
28,Ben,111,Physics102,Prof. White
3,Carol,105,Math102,Prof. Taylor
5,Eve,131,CS107,Prof. Green
37,Kyle,111,Physics102,Prof. White
21,Uma,123,History105,Prof. Johnson
41,Omar,130,Physics106,Prof. White
19,Steve,136,CS108,Prof. Green
22,Vera,123,History105,Prof. Johnson
28,Ben,125,Physics105,Prof. White
19,Steve,138,History108,Prof. Johnson
9,Ivy,108,Biology101,Prof. Gray
42,Penny,105,Math102,Prof. Taylor
22,Vera,109,Math104,Prof. Smith
48,Wyatt,138,History108,Prof. Johnson
18,Rachel,130,Physics106,Prof. White
38,Lila,112,Biology102,Prof. Gray
5,Eve,112,Biology102,Prof. Gray
27,Alex,123,History105,Prof. Johnson
33,Gary,105,Math102,Prof. Taylor
15,Olivia,116,Physics103,Prof. White
20,Tracy,130,Physics106,Prof. White
43,Ray,136,CS108,Prof. Green
6,Frank,118,Math106,Prof. Taylor
1,Alice,104,History101,Prof. Johnson
21,Uma,104,History101,Prof. Johnson
16,Paul,103,Physics101,Prof. White
11,Karen,138,History108,Prof. Johnson
22,Vera,132,Biology105,Prof. Gray
48,Wyatt,122,Biology103,Prof. Gray
45,Tina,125,Physics105,Prof. White
2,Bob,122,Biology103,Prof. Gray
45,Tina,105,Math102,Prof. Taylor
2,Bob,129,Math108,Prof. Taylor
6,Frank,135,Physics107,Prof. White
30,Diana,105,Math102,Prof. Taylor
52,Bella,116,Physics103,Prof. White
22,Vera,139,Math110,Prof. Taylor
32,Fiona,134,Math109,Prof. Taylor
37,Kyle,115,Math105,Prof. Taylor
33,Gary,107,Math103,Prof. Taylor
33,Gary,138,History108,Prof. Johnson
13,Mia,102,CS101,Prof. Brown
15,Olivia,123,History105,Prof. Johnson
24,Xander,130,Physics106,Prof. White
9,Ivy,129,Math108,Prof. Taylor
9,Ivy,103,Physics101,Prof. White
6,Frank,114,History103,Prof. Johnson
9,Ivy,104,History101,Prof. Johnson
19,Steve,121,CS105,Prof. Green
43,Ray,123,History105,Prof. Johnson
31,Ethan,113,CS103,Prof. Green
12,Liam,102,CS101,Prof. Brown
28,Ben,118,Math106,Prof. Taylor
15,Olivia,118,Math106,Prof. Taylor
20,Tracy,136,CS108,Prof. Green
23,Will,132,Biology105,Prof. Gray
5,Eve,116,Physics103,Prof. White
45,Tina,121,CS105,Prof. Green
37,Kyle,102,CS101,Prof. Brown
15,Olivia,117,CS104,Prof. Green
16,Paul,102,CS101,Prof. Brown
30,Diana,104,History101,Prof. Johnson
51,Aaron,111,Physics102,Prof. White
22,Vera,105,Math102,Prof. Taylor
39,Mike,106,CS102,Prof. Green
39,Mike,138,History108,Prof. Johnson
35,Ian,101,Math101,Prof. Smith
26,Zane,102,CS101,Prof. Brown
16,Paul,126,CS106,Prof. Green
48,Wyatt,116,Physics103,Prof. White
20,Tracy,139,Math110,Prof. Taylor
4,Dave,123,History105,Prof. Johnson
29,Chloe,121,CS105,Prof. Green
51,Aaron,103,Physics101,Prof. White
24,Xander,116,Physics103,Prof. White
18,Rachel,109,Math104,Prof. Smith
25,Yara,101,Math101,Prof. Smith
48,Wyatt,121,CS105,Prof. Green
50,Zoe,104,History101,Prof. Johnson
17,Quinn,112,Biology102,Prof. Gray
7,Grace,116,Physics103,Prof. White
9,Ivy,124,Math107,Prof. Taylor
27,Alex,126,CS106,Prof. Green
28,Ben,121,CS105,Prof. Green
14,Noah,104,History101,Prof. Johnson
19,Steve,111,Physics102,Prof. White
15,Olivia,121,CS105,Prof. Green
10,Jack,126,CS106,Prof. Green
11,Karen,115,Math105,Prof. Taylor
22,Vera,106,CS102,Prof. Green
9,Ivy,118,Math106,Prof. Taylor
45,Tina,132,Biology105,Prof. Gray
46,Ulysses,117,CS104,Prof. Green
15,Olivia,119,History104,Prof. Johnson
21,Uma,124,Math107,Prof. Taylor
45,Tina,123,History105,Prof. Johnson
51,Aaron,130,Physics106,Prof. White
16,Paul,109,Math104,Prof. Smith
18,Rachel,136,CS108,Prof. Green
31,Ethan,112,Biology102,Prof. Gray
14,Noah,139,Math110,Prof. Taylor
47,Violet,138,History108,Prof. Johnson
52,Bella,105,Math102,Prof. Taylor
51,Aaron,119,History104,Prof. Johnson
25,Yara,137,Biology106,Prof. Gray
1,Alice,108,Biology101,Prof. Gray
36,Jane,127,Biology104,Prof. Gray
25,Yara,128,History106,Prof. Johnson
49,Xenia,125,Physics105,Prof. White
47,Violet,111,Physics102,Prof. White
4,Dave,120,Physics104,Prof. White
46,Ulysses,106,CS102,Prof. Green
40,Nina,111,Physics102,Prof. White
34,Haley,120,Physics104,Prof. White
38,Lila,109,Math104,Prof. Smith
30,Diana,137,Biology106,Prof. Gray
11,Karen,129,Math108,Prof. Taylor
22,Vera,130,Physics106,Prof. White
46,Ulysses,136,CS108,Prof. Green
8,Hank,134,Math109,Prof. Taylor
41,Omar,138,History108,Prof. Johnson
30,Diana,124,Math107,Prof. Taylor
45,Tina,137,Biology106,Prof. Gray
39,Mike,130,Physics106,Prof. White
3,Carol,111,Physics102,Prof. White
8,Hank,107,Math103,Prof. Taylor
32,Fiona,113,CS103,Prof. Green
49,Xenia,102,CS101,Prof. Brown
5,Eve,103,Physics101,Prof. White
25,Yara,119,History104,Prof. Johnson
2,Bob,135,Physics107,Prof. White
48,Wyatt,119,History104,Prof. Johnson
19,Steve,112,Biology102,Prof. Gray
14,Noah,125,Physics105,Prof. White
21,Uma,127,Biology104,Prof. Gray
35,Ian,114,History103,Prof. Johnson
16,Paul,119,History104,Prof. Johnson
39,Mike,129,Math108,Prof. Taylor
48,Wyatt,134,Math109,Prof. Taylor
42,Penny,101,Math101,Prof. Smith
44,Sara,113,CS103,Prof. Green
3,Carol,121,CS105,Prof. Green
9,Ivy,138,History108,Prof. Johnson
16,Paul,114,History103,Prof. Johnson
35,Ian,129,Math108,Prof. Taylor
37,Kyle,129,Math108,Prof. Taylor
9,Ivy,111,Physics102,Prof. White
52,Bella,104,History101,Prof. Johnson
8,Hank,133,History107,Prof. Johnson
32,Fiona,128,History106,Prof. Johnson
21,Uma,114,History103,Prof. Johnson
31,Ethan,121,CS105,Prof. Green
29,Chloe,136,CS108,Prof. Green
32,Fiona,115,Math105,Prof. Taylor
20,Tracy,106,CS102,Prof. Green
38,Lila,131,CS107,Prof. Green
14,Noah,128,History106,Prof. Johnson
42,Penny,139,Math110,Prof. Taylor
23,Will,131,CS107,Prof. Green
5,Eve,125,Physics105,Prof. White
14,Noah,108,Biology101,Prof. Gray
32,Fiona,125,Physics105,Prof. White
47,Violet,128,History106,Prof. Johnson
13,Mia,115,Math105,Prof. Taylor
3,Carol,120,Physics104,Prof. White
5,Eve,134,Math109,Prof. Taylor
9,Ivy,116,Physics103,Prof. White
22,Vera,129,Math108,Prof. Taylor
50,Zoe,137,Biology106,Prof. Gray
31,Ethan,129,Math108,Prof. Taylor
37,Kyle,135,Physics107,Prof. White
45,Tina,134,Math109,Prof. Taylor
10,Jack,116,Physics103,Prof. White
41,Omar,109,Math104,Prof. Smith
29,Chloe,117,CS104,Prof. Green
11,Karen,134,Math109,Prof. Taylor
46,Ulysses,132,Biology105,Prof. Gray
50,Zoe,126,CS106,Prof. Green
41,Omar,124,Math107,Prof. Taylor
46,Ulysses,135,Physics107,Prof. White
1,Alice,109,Math104,Prof. Smith
41,Omar,122,Biology103,Prof. Gray
8,Hank,131,CS107,Prof. Green
16,Paul,110,History102,Prof. Johnson
30,Diana,107,Math103,Prof. Taylor
41,Omar,115,Math105,Prof. Taylor
48,Wyatt,115,Math105,Prof. Taylor
14,Noah,116,Physics103,Prof. White
44,Sara,111,Physics102,Prof. White
2,Bob,104,History101,Prof. Johnson
1,Alice,132,Biology105,Prof. Gray
52,Bella,113,CS103,Prof. Green
44,Sara,106,CS102,Prof. Green
28,Ben,122,Biology103,Prof. Gray
15,Olivia,107,Math103,Prof. Taylor
29,Chloe,105,Math102,Prof. Taylor
50,Zoe,123,History105,Prof. Johnson
20,Tracy,115,Math105,Prof. Taylor
3,Carol,125,Physics105,Prof. White
31,Ethan,136,CS108,Prof. Green
1,Alice,134,Math109,Prof. Taylor
5,Eve,138,History108,Prof. Johnson
3,Carol,137,Biology106,Prof. Gray
18,Rachel,106,CS102,Prof. Green
28,Ben,131,CS107,Prof. Green
7,Grace,137,Biology106,Prof. Gray
48,Wyatt,137,Biology106,Prof. Gray
4,Dave,102,CS101,Prof. Brown
7,Grace,136,CS108,Prof. Green
41,Omar,114,History103,Prof. Johnson
41,Omar,137,Biology106,Prof. Gray
4,Dave,110,History102,Prof. Johnson
6,Frank,105,Math102,Prof. Taylor
30,Diana,114,History103,Prof. Johnson
50,Zoe,128,History106,Prof. Johnson
1,Alice,119,History104,Prof. Johnson
13,Mia,131,CS107,Prof. Green
31,Ethan,137,Biology106,Prof. Gray
22,Vera,138,History108,Prof. Johnson
12,Liam,124,Math107,Prof. Taylor
16,Paul,133,History107,Prof. Johnson
3,Carol,123,History105,Prof. Johnson
26,Zane,124,Math107,Prof. Taylor
26,Zane,116,Physics103,Prof. White
16,Paul,116,Physics103,Prof. White
20,Tracy,134,Math109,Prof. Taylor
1,Alice,117,CS104,Prof. Green
29,Chloe,102,CS101,Prof. Brown
8,Hank,139,Math110,Prof. Taylor
15,Olivia,124,Math107,Prof. Taylor
42,Penny,129,Math108,Prof. Taylor
1,Alice,114,History103,Prof. Johnson
28,Ben,110,History102,Prof. Johnson
24,Xander,107,Math103,Prof. Taylor
7,Grace,110,History102,Prof. Johnson
36,Jane,110,History102,Prof. Johnson
43,Ray,101,Math101,Prof. Smith
36,Jane,101,Math101,Prof. Smith
14,Noah,111,Physics102,Prof. White
2,Bob,127,Biology104,Prof. Gray
29,Chloe,131,CS107,Prof. Green
47,Violet,133,History107,Prof. Johnson
5,Eve,109,Math104,Prof. Smith
20,Tracy,118,Math106,Prof. Taylor
36,Jane,103,Physics101,Prof. White
6,Frank,117,CS104,Prof. Green
18,Rachel,113,CS103,Prof. Green
8,Hank,121,CS105,Prof. Green
39,Mike,109,Math104,Prof. Smith
48,Wyatt,124,Math107,Prof. Taylor
26,Zane,138,History108,Prof. Johnson
29,Chloe,106,CS102,Prof. Green
48,Wyatt,101,Math101,Prof. Smith
3,Carol,118,Math106,Prof. Taylor
51,Aaron,123,History105,Prof. Johnson
52,Bella,114,History103,Prof. Johnson
1,Alice,124,Math107,Prof. Taylor
35,Ian,102,CS101,Prof. Brown
27,Alex,128,History106,Prof. Johnson
35,Ian,132,Biology105,Prof. Gray
23,Will,130,Physics106,Prof. White
36,Jane,130,Physics106,Prof. White
38,Lila,120,Physics104,Prof. White
36,Jane,117,CS104,Prof. Green
3,Carol,119,History104,Prof. Johnson
49,Xenia,139,Math110,Prof. Taylor
42,Penny,111,Physics102,Prof. White
2,Bob,123,History105,Prof. Johnson
26,Zane,118,Math106,Prof. Taylor
9,Ivy,123,History105,Prof. Johnson
17,Quinn,121,CS105,Prof. Green
51,Aaron,138,History108,Prof. Johnson
4,Dave,109,Math104,Prof. Smith
51,Aaron,137,Biology106,Prof. Gray
46,Ulysses,137,Biology106,Prof. Gray
44,Sara,131,CS107,Prof. Green
42,Penny,115,Math105,Prof. Taylor
14,Noah,132,Biology105,Prof. Gray
10,Jack,124,Math107,Prof. Taylor
34,Haley,107,Math103,Prof. Taylor
5,Eve,126,CS106,Prof. Green
37,Kyle,113,CS103,Prof. Green
11,Karen,109,Math104,Prof. Smith
29,Chloe,116,Physics103,Prof. White
40,Nina,135,Physics107,Prof. White
16,Paul,136,CS108,Prof. Green
49,Xenia,120,Physics104,Prof. White
41,Omar,131,CS107,Prof. Green
45,Tina,133,History107,Prof. Johnson
3,Carol,107,Math103,Prof. Taylor
22,Vera,116,Physics103,Prof. White
11,Karen,102,CS101,Prof. Brown
33,Gary,111,Physics102,Prof. White
37,Kyle,119,History104,Prof. Johnson
20,Tracy,103,Physics101,Prof. White
23,Will,119,History104,Prof. Johnson
6,Frank,128,History106,Prof. Johnson
44,Sara,127,Biology104,Prof. Gray
11,Karen,126,CS106,Prof. Green
17,Quinn,124,Math107,Prof. Taylor
29,Chloe,137,Biology106,Prof. Gray
8,Hank,117,CS104,Prof. Green
37,Kyle,136,CS108,Prof. Green
1,Alice,103,Physics101,Prof. White
5,Eve,101,Math101,Prof. Smith
21,Uma,121,CS105,Prof. Green
26,Zane,125,Physics105,Prof. White
38,Lila,119,History104,Prof. Johnson
33,Gary,104,History101,Prof. Johnson
32,Fiona,101,Math101,Prof. Smith
27,Alex,108,Biology101,Prof. Gray
32,Fiona,139,Math110,Prof. Taylor
46,Ulysses,101,Math101,Prof. Smith
36,Jane,106,CS102,Prof. Green
50,Zoe,107,Math103,Prof. Taylor
28,Ben,102,CS101,Prof. Brown
16,Paul,113,CS103,Prof. Green
16,Paul,115,Math105,Prof. Taylor
13,Mia,120,Physics104,Prof. White
35,Ian,119,History104,Prof. Johnson
21,Uma,126,CS106,Prof. Green
29,Chloe,114,History103,Prof. Johnson
18,Rachel,114,History103,Prof. Johnson
6,Frank,127,Biology104,Prof. Gray
28,Ben,109,Math104,Prof. Smith
43,Ray,131,CS107,Prof. Green
27,Alex,131,CS107,Prof. Green
50,Zoe,115,Math105,Prof. Taylor
21,Uma,131,CS107,Prof. Green
17,Quinn,128,History106,Prof. Johnson
27,Alex,130,Physics106,Prof. White
45,Tina,115,Math105,Prof. Taylor
12,Liam,133,History107,Prof. Johnson
20,Tracy,114,History103,Prof. Johnson
1,Alice,139,Math110,Prof. Taylor
2,Bob,119,History104,Prof. Johnson
47,Violet,113,CS103,Prof. Green
6,Frank,121,CS105,Prof. Green
12,Liam,134,Math109,Prof. Taylor
12,Liam,123,History105,Prof. Johnson
37,Kyle,117,CS104,Prof. Green
1,Alice,116,Physics103,Prof. White
40,Nina,131,CS107,Prof. Green
22,Vera,126,CS106,Prof. Green
28,Ben,126,CS106,Prof. Green
26,Zane,122,Biology103,Prof. Gray
3,Carol,109,Math104,Prof. Smith
15,Olivia,126,CS106,Prof. Green
42,Penny,116,Physics103,Prof. White
37,Kyle,120,Physics104,Prof. White
35,Ian,131,CS107,Prof. Green
36,Jane,118,Math106,Prof. Taylor
4,Dave,118,Math106,Prof. Taylor
33,Gary,113,CS103,Prof. Green
6,Frank,109,Math104,Prof. Smith
37,Kyle,133,History107,Prof. Johnson
21,Uma,110,History102,Prof. Johnson
23,Will,116,Physics103,Prof. White
33,Gary,130,Physics106,Prof. White
13,Mia,114,History103,Prof. Johnson
5,Eve,128,History106,Prof. Johnson
35,Ian,104,History101,Prof. Johnson
2,Bob,118,Math106,Prof. Taylor
37,Kyle,134,Math109,Prof. Taylor
17,Quinn,103,Physics101,Prof. White
41,Omar,134,Math109,Prof. Taylor
18,Rachel,137,Biology106,Prof. Gray
20,Tracy,128,History106,Prof. Johnson
38,Lila,127,Biology104,Prof. Gray
29,Chloe,129,Math108,Prof. Taylor
8,Hank,114,History103,Prof. Johnson
10,Jack,115,Math105,Prof. Taylor
15,Olivia,109,Math104,Prof. Smith
11,Karen,101,Math101,Prof. Smith
12,Liam,126,CS106,Prof. Green
5,Eve,119,History104,Prof. Johnson
7,Grace,125,Physics105,Prof. White
21,Uma,105,Math102,Prof. Taylor
21,Uma,115,Math105,Prof. Taylor
26,Zane,103,Physics101,Prof. White
23,Will,117,CS104,Prof. Green
49,Xenia,106,CS102,Prof. Green
8,Hank,112,Biology102,Prof. Gray
44,Sara,102,CS101,Prof. Brown
39,Mike,114,History103,Prof. Johnson
17,Quinn,105,Math102,Prof. Taylor
48,Wyatt,136,CS108,Prof. Green
33,Gary,120,Physics104,Prof. White
47,Violet,136,CS108,Prof. Green
24,Xander,112,Biology102,Prof. Gray
49,Xenia,107,Math103,Prof. Taylor
40,Nina,139,Math110,Prof. Taylor
27,Alex,133,History107,Prof. Johnson
42,Penny,109,Math104,Prof. Smith
25,Yara,122,Biology103,Prof. Gray
43,Ray,133,History107,Prof. Johnson
12,Liam,132,Biology105,Prof. Gray
32,Fiona,124,Math107,Prof. Taylor
16,Paul,138,History108,Prof. Johnson
19,Steve,103,Physics101,Prof. White
27,Alex,110,History102,Prof. Johnson
4,Dave,124,Math107,Prof. Taylor
29,Chloe,139,Math110,Prof. Taylor
17,Quinn,139,Math110,Prof. Taylor
40,Nina,119,History104,Prof. Johnson
6,Frank,119,History104,Prof. Johnson
39,Mike,117,CS104,Prof. Green
6,Frank,125,Physics105,Prof. White
45,Tina,102,CS101,Prof. Brown
5,Eve,121,CS105,Prof. Green
31,Ethan,133,History107,Prof. Johnson
22,Vera,118,Math106,Prof. Taylor
50,Zoe,110,History102,Prof. Johnson
44,Sara,114,History103,Prof. Johnson
38,Lila,102,CS101,Prof. Brown
33,Gary,139,Math110,Prof. Taylor
18,Rachel,139,Math110,Prof. Taylor
24,Xander,105,Math102,Prof. Taylor
50,Zoe,109,Math104,Prof. Smith
27,Alex,125,Physics105,Prof. White
43,Ray,107,Math103,Prof. Taylor
51,Aaron,134,Math109,Prof. Taylor
10,Jack,107,Math103,Prof. Taylor
19,Steve,116,Physics103,Prof. White
36,Jane,123,History105,Prof. Johnson
24,Xander,123,History105,Prof. Johnson
38,Lila,117,CS104,Prof. Green
3,Carol,135,Physics107,Prof. White
17,Quinn,134,Math109,Prof. Taylor
39,Mike,102,CS101,Prof. Brown
45,Tina,116,Physics103,Prof. White
35,Ian,106,CS102,Prof. Green
3,Carol,126,CS106,Prof. Green
12,Liam,106,CS102,Prof. Green
26,Zane,132,Biology105,Prof. Gray
39,Mike,115,Math105,Prof. Taylor
6,Frank,113,CS103,Prof. Green
25,Yara,126,CS106,Prof. Green
12,Liam,101,Math101,Prof. Smith
28,Ben,112,Biology102,Prof. Gray
13,Mia,132,Biology105,Prof. Gray
3,Carol,108,Biology101,Prof. Gray
3,Carol,138,History108,Prof. Johnson
3,Carol,117,CS104,Prof. Green
2,Bob,130,Physics106,Prof. White
52,Bella,123,History105,Prof. Johnson
24,Xander,110,History102,Prof. Johnson
12,Liam,103,Physics101,Prof. White
36,Jane,128,History106,Prof. Johnson
9,Ivy,136,CS108,Prof. Green
16,Paul,106,CS102,Prof. Green
44,Sara,137,Biology106,Prof. Gray
10,Jack,118,Math106,Prof. Taylor
37,Kyle,124,Math107,Prof. Taylor
7,Grace,120,Physics104,Prof. White
8,Hank,102,CS101,Prof. Brown
52,Bella,119,History104,Prof. Johnson
23,Will,133,History107,Prof. Johnson
17,Quinn,111,Physics102,Prof. White
8,Hank,132,Biology105,Prof. Gray
17,Quinn,106,CS102,Prof. Green
33,Gary,118,Math106,Prof. Taylor
46,Ulysses,128,History106,Prof. Johnson
31,Ethan,110,History102,Prof. Johnson
10,Jack,104,History101,Prof. Johnson
7,Grace,102,CS101,Prof. Brown
41,Omar,102,CS101,Prof. Brown
43,Ray,125,Physics105,Prof. White
14,Noah,101,Math101,Prof. Smith
33,Gary,132,Biology105,Prof. Gray
6,Frank,112,Biology102,Prof. Gray
18,Rachel,138,History108,Prof. Johnson
1,Alice,126,CS106,Prof. Green
51,Aaron,106,CS102,Prof. Green
46,Ulysses,125,Physics105,Prof. White
50,Zoe,103,Physics101,Prof. White
42,Penny,127,Biology104,Prof. Gray
32,Fiona,127,Biology104,Prof. Gray
13,Mia,111,Physics102,Prof. White
52,Bella,136,CS108,Prof. Green
15,Olivia,127,Biology104,Prof. Gray
30,Diana,110,History102,Prof. Johnson
23,Will,105,Math102,Prof. Taylor
49,Xenia,113,CS103,Prof. Green
43,Ray,122,Biology103,Prof. Gray
52,Bella,134,Math109,Prof. Taylor
7,Grace,109,Math104,Prof. Smith
18,Rachel,117,CS104,Prof. Green
21,Uma,136,CS108,Prof. Green
18,Rachel,101,Math101,Prof. Smith
39,Mike,113,CS103,Prof. Green
29,Chloe,125,Physics105,Prof. White
11,Karen,111,Physics102,Prof. White
44,Sara,120,Physics104,Prof. White
36,Jane,129,Math108,Prof. Taylor
18,Rachel,120,Physics104,Prof. White
42,Penny,106,CS102,Prof. Green
30,Diana,134,Math109,Prof. Taylor
50,Zoe,136,CS108,Prof. Green
47,Violet,117,CS104,Prof. Green
8,Hank,128,History106,Prof. Johnson
15,Olivia,128,History106,Prof. Johnson
51,Aaron,135,Physics107,Prof. White
6,Frank,136,CS108,Prof. Green
23,Will,108,Biology101,Prof. Gray
30,Diana,120,Physics104,Prof. White
51,Aaron,125,Physics105,Prof. White
30,Diana,112,Biology102,Prof. Gray
50,Zoe,138,History108,Prof. Johnson
31,Ethan,119,History104,Prof. Johnson
36,Jane,136,CS108,Prof. Green
29,Chloe,122,Biology103,Prof. Gray
43,Ray,109,Math104,Prof. Smith
11,Karen,120,Physics104,Prof. White
22,Vera,122,Biology103,Prof. Gray
38,Lila,123,History105,Prof. Johnson
11,Karen,122,Biology103,Prof. Gray
36,Jane,125,Physics105,Prof. White
29,Chloe,113,CS103,Prof. Green
23,Will,126,CS106,Prof. Green
5,Eve,133,History107,Prof. Johnson
41,Omar,116,Physics103,Prof. White
52,Bella,111,Physics102,Prof. White
24,Xander,131,CS107,Prof. Green
28,Ben,116,Physics103,Prof. White
28,Ben,105,Math102,Prof. Taylor
52,Bella,135,Physics107,Prof. White
38,Lila,104,History101,Prof. Johnson
47,Violet,130,Physics106,Prof. White
26,Zane,126,CS106,Prof. Green
19,Steve,114,History103,Prof. Johnson
12,Liam,139,Math110,Prof. Taylor
6,Frank,122,Biology103,Prof. Gray
4,Dave,105,Math102,Prof. Taylor
52,Bella,131,CS107,Prof. Green
43,Ray,137,Biology106,Prof. Gray
15,Olivia,102,CS101,Prof. Brown
16,Paul,117,CS104,Prof. Green
42,Penny,121,CS105,Prof. Green
15,Olivia,103,Physics101,Prof. White
25,Yara,103,Physics101,Prof. White
16,Paul,125,Physics105,Prof. White
15,Olivia,133,History107,Prof. Johnson
41,Omar,121,CS105,Prof. Green
20,Tracy,127,Biology104,Prof. Gray
37,Kyle,107,Math103,Prof. Taylor
24,Xander,127,Biology104,Prof. Gray
18,Rachel,121,CS105,Prof. Green
5,Eve,118,Math106,Prof. Taylor
40,Nina,132,Biology105,Prof. Gray
4,Dave,139,Math110,Prof. Taylor
52,Bella,137,Biology106,Prof. Gray
35,Ian,111,Physics102,Prof. White
30,Diana,115,Math105,Prof. Taylor
47,Violet,123,History105,Prof. Johnson
13,Mia,133,History107,Prof. Johnson
28,Ben,130,Physics106,Prof. White
3,Carol,127,Biology104,Prof. Gray
19,Steve,127,Biology104,Prof. Gray
31,Ethan,108,Biology101,Prof. Gray
4,Dave,101,Math101,Prof. Smith
11,Karen,130,Physics106,Prof. White
4,Dave,134,Math109,Prof. Taylor
52,Bella,120,Physics104,Prof. White
10,Jack,132,Biology105,Prof. Gray
22,Vera,114,History103,Prof. Johnson
12,Liam,105,Math102,Prof. Taylor
16,Paul,121,CS105,Prof. Green
20,Tracy,137,Biology106,Prof. Gray
3,Carol,114,History103,Prof. Johnson
51,Aaron,105,Math102,Prof. Taylor
23,Will,137,Biology106,Prof. Gray
14,Noah,127,Biology104,Prof. Gray
44,Sara,112,Biology102,Prof. Gray
34,Haley,130,Physics106,Prof. White
36,Jane,124,Math107,Prof. Taylor
9,Ivy,133,History107,Prof. Johnson
6,Frank,115,Math105,Prof. Taylor
2,Bob,111,Physics102,Prof. White
40,Nina,120,Physics104,Prof. White
1,Alice,118,Math106,Prof. Taylor
35,Ian,115,Math105,Prof. Taylor
44,Sara,126,CS106,Prof. Green
51,Aaron,107,Math103,Prof. Taylor
6,Frank,110,History102,Prof. Johnson
42,Penny,103,Physics101,Prof. White
13,Mia,108,Biology101,Prof. Gray
8,Hank,118,Math106,Prof. Taylor
12,Liam,110,History102,Prof. Johnson
37,Kyle,112,Biology102,Prof. Gray
1,Alice,125,Physics105,Prof. White
8,Hank,122,Biology103,Prof. Gray
47,Violet,106,CS102,Prof. Green
38,Lila,136,CS108,Prof. Green
35,Ian,130,Physics106,Prof. White
37,Kyle,139,Math110,Prof. Taylor
7,Grace,101,Math101,Prof. Smith
21,Uma,139,Math110,Prof. Taylor
44,Sara,124,Math107,Prof. Taylor
7,Grace,131,CS107,Prof. Green
51,Aaron,128,History106,Prof. Johnson
11,Karen,110,History102,Prof. Johnson
6,Frank,129,Math108,Prof. Taylor
4,Dave,104,History101,Prof. Johnson
8,Hank,109,Math104,Prof. Smith
36,Jane,114,History103,Prof. Johnson
23,Will,112,Biology102,Prof. Gray
2,Bob,112,Biology102,Prof. Gray
47,Violet,127,Biology104,Prof. Gray
15,Olivia,122,Biology103,Prof. Gray
36,Jane,115,Math105,Prof. Taylor
9,Ivy,126,CS106,Prof. Green
23,Will,129,Math108,Prof. Taylor
49,Xenia,130,Physics106,Prof. White
25,Yara,105,Math102,Prof. Taylor
5,Eve,136,CS108,Prof. Green
11,Karen,125,Physics105,Prof. White
29,Chloe,123,History105,Prof. Johnson
26,Zane,130,Physics106,Prof. White
9,Ivy,135,Physics107,Prof. White
18,Rachel,110,History102,Prof. Johnson
19,Steve,119,History104,Prof. Johnson
32,Fiona,109,Math104,Prof. Smith
23,Will,113,CS103,Prof. Green
52,Bella,129,Math108,Prof. Taylor
19,Steve,132,Biology105,Prof. Gray
21,Uma,111,Physics102,Prof. White
4,Dave,136,CS108,Prof. Green
37,Kyle,110,History102,Prof. Johnson
4,Dave,114,History103,Prof. Johnson
27,Alex,118,Math106,Prof. Taylor
25,Yara,117,CS104,Prof. Green
8,Hank,135,Physics107,Prof. White
15,Olivia,101,Math101,Prof. Smith
23,Will,134,Math109,Prof. Taylor
7,Grace,106,CS102,Prof. Green
19,Steve,126,CS106,Prof. Green
43,Ray,121,CS105,Prof. Green
31,Ethan,126,CS106,Prof. Green
45,Tina,135,Physics107,Prof. White
3,Carol,103,Physics101,Prof. White
45,Tina,131,CS107,Prof. Green
6,Frank,107,Math103,Prof. Taylor
8,Hank,136,CS108,Prof. Green
4,Dave,122,Biology103,Prof. Gray
43,Ray,113,CS103,Prof. Green
9,Ivy,122,Biology103,Prof. Gray
17,Quinn,135,Physics107,Prof. White
13,Mia,138,History108,Prof. Johnson
1,Alice,127,Biology104,Prof. Gray
31,Ethan,102,CS101,Prof. Brown
3,Carol,102,CS101,Prof. Brown
22,Vera,107,Math103,Prof. Taylor
49,Xenia,134,Math109,Prof. Taylor
11,Karen,117,CS104,Prof. Green
10,Jack,130,Physics106,Prof. White
47,Violet,101,Math101,Prof. Smith
44,Sara,101,Math101,Prof. Smith
44,Sara,138,History108,Prof. Johnson
51,Aaron,139,Math110,Prof. Taylor
28,Ben,108,Biology101,Prof. Gray
46,Ulysses,122,Biology103,Prof. Gray
16,Paul,139,Math110,Prof. Taylor
41,Omar,120,Physics104,Prof. White
35,Ian,138,History108,Prof. Johnson
13,Mia,112,Biology102,Prof. Gray
52,Bella,133,History107,Prof. Johnson
42,Penny,132,Biology105,Prof. Gray
13,Mia,113,CS103,Prof. Green
29,Chloe,127,Biology104,Prof. Gray
29,Chloe,101,Math101,Prof. Smith
37,Kyle,114,History103,Prof. Johnson
52,Bella,125,Physics105,Prof. White
40,Nina,128,History106,Prof. Johnson
25,Yara,107,Math103,Prof. Taylor
10,Jack,133,History107,Prof. Johnson
18,Rachel,122,Biology103,Prof. Gray
21,Uma,129,Math108,Prof. Taylor
9,Ivy,115,Math105,Prof. Taylor
39,Mike,121,CS105,Prof. Green
6,Frank,116,Physics103,Prof. White
40,Nina,133,History107,Prof. Johnson
6,Frank,130,Physics106,Prof. White
38,Lila,134,Math109,Prof. Taylor
18,Rachel,123,History105,Prof. Johnson
40,Nina,124,Math107,Prof. Taylor
51,Aaron,113,CS103,Prof. Green
34,Haley,129,Math108,Prof. Taylor
25,Yara,136,CS108,Prof. Green
24,Xander,102,CS101,Prof. Brown
8,Hank,126,CS106,Prof. Green
22,Vera,120,Physics104,Prof. White
27,Alex,134,Math109,Prof. Taylor
8,Hank,127,Biology104,Prof. Gray
9,Ivy,125,Physics105,Prof. White
30,Diana,129,Math108,Prof. Taylor
6,Frank,131,CS107,Prof. Green
14,Noah,122,Biology103,Prof. Gray
41,Omar,126,CS106,Prof. Green
49,Xenia,114,History103,Prof. Johnson
50,Zoe,131,CS107,Prof. Green
39,Mike,112,Biology102,Prof. Gray
15,Olivia,112,Biology102,Prof. Gray
18,Rachel,134,Math109,Prof. Taylor
49,Xenia,116,Physics103,Prof. White
46,Ulysses,119,History104,Prof. Johnson
24,Xander,117,CS104,Prof. Green
13,Mia,129,Math108,Prof. Taylor
26,Zane,137,Biology106,Prof. Gray
11,Karen,106,CS102,Prof. Green
48,Wyatt,102,CS101,Prof. Brown
32,Fiona,108,Biology101,Prof. Gray
44,Sara,130,Physics106,Prof. White
17,Quinn,126,CS106,Prof. Green
16,Paul,124,Math107,Prof. Taylor
52,Bella,108,Biology101,Prof. Gray
12,Liam,111,Physics102,Prof. White
47,Violet,108,Biology101,Prof. Gray
27,Alex,102,CS101,Prof. Brown
12,Liam,117,CS104,Prof. Green
24,Xander,136,CS108,Prof. Green
2,Bob,105,Math102,Prof. Taylor
49,Xenia,108,Biology101,Prof. Gray
36,Jane,116,Physics103,Prof. White
14,Noah,114,History103,Prof. Johnson
10,Jack,125,Physics105,Prof. White
7,Grace,103,Physics101,Prof. White
41,Omar,101,Math101,Prof. Smith
16,Paul,131,CS107,Prof. Green
14,Noah,135,Physics107,Prof. White
47,Violet,137,Biology106,Prof. Gray
10,Jack,136,CS108,Prof. Green
37,Kyle,101,Math101,Prof. Smith
21,Uma,102,CS101,Prof. Brown
17,Quinn,120,Physics104,Prof. White
34,Haley,118,Math106,Prof. Taylor
52,Bella,121,CS105,Prof. Green
34,Haley,112,Biology102,Prof. Gray
46,Ulysses,124,Math107,Prof. Taylor
4,Dave,108,Biology101,Prof. Gray
16,Paul,127,Biology104,Prof. Gray
28,Ben,117,CS104,Prof. Green
37,Kyle,132,Biology105,Prof. Gray
40,Nina,134,Math109,Prof. Taylor
46,Ulysses,113,CS103,Prof. Green
41,Omar,132,Biology105,Prof. Gray
44,Sara,118,Math106,Prof. Taylor
2,Bob,106,CS102,Prof. Green
10,Jack,105,Math102,Prof. Taylor
6,Frank,134,Math109,Prof. Taylor
28,Ben,123,History105,Prof. Johnson
5,Eve,122,Biology103,Prof. Gray
32,Fiona,105,Math102,Prof. Taylor
3,Carol,104,History101,Prof. Johnson
17,Quinn,104,History101,Prof. Johnson
28,Ben,137,Biology106,Prof. Gray
29,Chloe,134,Math109,Prof. Taylor
12,Liam,128,History106,Prof. Johnson
34,Haley,101,Math101,Prof. Smith
11,Karen,116,Physics103,Prof. White
47,Violet,129,Math108,Prof. Taylor
23,Will,114,History103,Prof. Johnson
19,Steve,110,History102,Prof. Johnson
9,Ivy,102,CS101,Prof. Brown
18,Rachel,119,History104,Prof. Johnson
21,Uma,117,CS104,Prof. Green
15,Olivia,108,Biology101,Prof. Gray
43,Ray,114,History103,Prof. Johnson
14,Noah,130,Physics106,Prof. White
38,Lila,128,History106,Prof. Johnson
27,Alex,106,CS102,Prof. Green
38,Lila,118,Math106,Prof. Taylor
27,Alex,129,Math108,Prof. Taylor
17,Quinn,118,Math106,Prof. Taylor
15,Olivia,115,Math105,Prof. Taylor
2,Bob,116,Physics103,Prof. White
33,Gary,103,Physics101,Prof. White
44,Sara,109,Math104,Prof. Smith
49,Xenia,103,Physics101,Prof. White
21,Uma,101,Math101,Prof. Smith
11,Karen,107,Math103,Prof. Taylor
17,Quinn,101,Math101,Prof. Smith
4,Dave,119,History104,Prof. Johnson
47,Violet,124,Math107,Prof. Taylor
31,Ethan,132,Biology105,Prof. Gray
32,Fiona,112,Biology102,Prof. Gray
24,Xander,115,Math105,Prof. Taylor
32,Fiona,102,CS101,Prof. Brown
30,Diana,127,Biology104,Prof. Gray
45,Tina,128,History106,Prof. Johnson
33,Gary,108,Biology101,Prof. Gray
34,Haley,132,Biology105,Prof. Gray
46,Ulysses,131,CS107,Prof. Green
1,Alice,123,History105,Prof. Johnson
45,Tina,108,Biology101,Prof. Gray
35,Ian,122,Biology103,Prof. Gray
18,Rachel,104,History101,Prof. Johnson
51,Aaron,131,CS107,Prof. Green
10,Jack,127,Biology104,Prof. Gray
29,Chloe,109,Math104,Prof. Smith
46,Ulysses,139,Math110,Prof. Taylor
38,Lila,114,History103,Prof. Johnson
41,Omar,139,Math110,Prof. Taylor
24,Xander,111,Physics102,Prof. White
24,Xander,114,History103,Prof. Johnson
27,Alex,113,CS103,Prof. Green
11,Karen,128,History106,Prof. Johnson
38,Lila,113,CS103,Prof. Green
3,Carol,132,Biology105,Prof. Gray
37,Kyle,137,Biology106,Prof. Gray
14,Noah,109,Math104,Prof. Smith
33,Gary,125,Physics105,Prof. White
25,Yara,109,Math104,Prof. Smith
4,Dave,116,Physics103,Prof. White
41,Omar,136,CS108,Prof. Green
29,Chloe,110,History102,Prof. Johnson
2,Bob,107,Math103,Prof. Taylor
13,Mia,135,Physics107,Prof. White
9,Ivy,117,CS104,Prof. Green
38,Lila,124,Math107,Prof. Taylor
9,Ivy,107,Math103,Prof. Taylor
29,Chloe,130,Physics106,Prof. White
49,Xenia,117,CS104,Prof. Green
32,Fiona,111,Physics102,Prof. White
26,Zane,139,Math110,Prof. Taylor
49,Xenia,105,Math102,Prof. Taylor
43,Ray,118,Math106,Prof. Taylor
32,Fiona,131,CS107,Prof. Green
15,Olivia,106,CS102,Prof. Green
50,Zoe,125,Physics105,Prof. White
5,Eve,137,Biology106,Prof. Gray
8,Hank,110,History102,Prof. Johnson
14,Noah,106,CS102,Prof. Green
44,Sara,139,Math110,Prof. Taylor
39,Mike,120,Physics104,Prof. White
33,Gary,122,Biology103,Prof. Gray
27,Alex,114,History103,Prof. Johnson
4,Dave,117,CS104,Prof. Green
13,Mia,107,Math103,Prof. Taylor
42,Penny,137,Biology106,Prof. Gray
34,Haley,139,Math110,Prof. Taylor
47,Violet,116,Physics103,Prof. White
42,Penny,117,CS104,Prof. Green
29,Chloe,132,Biology105,Prof. Gray
33,Gary,114,History103,Prof. Johnson
48,Wyatt,114,History103,Prof. Johnson
15,Olivia,113,CS103,Prof. Green
5,Eve,113,CS103,Prof. Green
15,Olivia,138,History108,Prof. Johnson
47,Violet,126,CS106,Prof. Green
11,Karen,137,Biology106,Prof. Gray
11,Karen,118,Math106,Prof. Taylor
34,Haley,104,History101,Prof. Johnson
30,Diana,135,Physics107,Prof. White
46,Ulysses,127,Biology104,Prof. Gray
24,Xander,132,Biology105,Prof. Gray
30,Diana,123,History105,Prof. Johnson
26,Zane,115,Math105,Prof. Taylor
11,Karen,135,Physics107,Prof. White
3,Carol,116,Physics103,Prof. White
12,Liam,109,Math104,Prof. Smith
35,Ian,118,Math106,Prof. Taylor
21,Uma,135,Physics107,Prof. White
42,Penny,119,History104,Prof. Johnson
42,Penny,120,Physics104,Prof. White
32,Fiona,138,History108,Prof. Johnson
38,Lila,116,Physics103,Prof. White
42,Penny,136,CS108,Prof. Green
38,Lila,103,Physics101,Prof. White
28,Ben,127,Biology104,Prof. Gray
22,Vera,133,History107,Prof. Johnson
18,Rachel,131,CS107,Prof. Green
15,Olivia,105,Math102,Prof. Taylor
38,Lila,121,CS105,Prof. Green
25,Yara,131,CS107,Prof. Green
23,Will,128,History106,Prof. Johnson
10,Jack,106,CS102,Prof. Green
14,Noah,103,Physics101,Prof. White
33,Gary,109,Math104,Prof. Smith
22,Vera,110,History102,Prof. Johnson
52,Bella,138,History108,Prof. Johnson
32,Fiona,126,CS106,Prof. Green
38,Lila,126,CS106,Prof. Green
14,Noah,113,CS103,Prof. Green
50,Zoe,133,History107,Prof. Johnson
12,Liam,130,Physics106,Prof. White
10,Jack,114,History103,Prof. Johnson
34,Haley,123,History105,Prof. Johnson
32,Fiona,122,Biology103,Prof. Gray
41,Omar,108,Biology101,Prof. Gray
2,Bob,115,Math105,Prof. Taylor
12,Liam,122,Biology103,Prof. Gray
11,Karen,123,History105,Prof. Johnson
31,Ethan,101,Math101,Prof. Smith
24,Xander,128,History106,Prof. Johnson
4,Dave,107,Math103,Prof. Taylor
2,Bob,126,CS106,Prof. Green
27,Alex,132,Biology105,Prof. Gray
30,Diana,125,Physics105,Prof. White
12,Liam,131,CS107,Prof. Green
17,Quinn,133,History107,Prof. Johnson
25,Yara,127,Biology104,Prof. Gray
9,Ivy,131,CS107,Prof. Green
33,Gary,137,Biology106,Prof. Gray
35,Ian,105,Math102,Prof. Taylor
50,Zoe,121,CS105,Prof. Green
6,Frank,108,Biology101,Prof. Gray
28,Ben,113,CS103,Prof. Green
46,Ulysses,109,Math104,Prof. Smith
26,Zane,111,Physics102,Prof. White
6,Frank,111,Physics102,Prof. White
50,Zoe,113,CS103,Prof. Green
20,Tracy,131,CS107,Prof. Green
7,Grace,124,Math107,Prof. Taylor
8,Hank,115,Math105,Prof. Taylor
44,Sara,110,History102,Prof. Johnson
17,Quinn,117,CS104,Prof. Green
25,Yara,116,Physics103,Prof. White
42,Penny,118,Math106,Prof. Taylor
46,Ulysses,121,CS105,Prof. Green
42,Penny,113,CS103,Prof. Green
26,Zane,106,CS102,Prof. Green
27,Alex,117,CS104,Prof. Green
40,Nina,118,Math106,Prof. Taylor
46,Ulysses,134,Math109,Prof. Taylor
48,Wyatt,103,Physics101,Prof. White
29,Chloe,126,CS106,Prof. Green
28,Ben,114,History103,Prof. Johnson
27,Alex,124,Math107,Prof. Taylor
52,Bella,103,Physics101,Prof. White
40,Nina,129,Math108,Prof. Taylor
20,Tracy,120,Physics104,Prof. White
43,Ray,138,History108,Prof. Johnson
20,Tracy,138,History108,Prof. Johnson
29,Chloe,119,History104,Prof. Johnson
10,Jack,120,Physics104,Prof. White
29,Chloe,120,Physics104,Prof. White
40,Nina,115,Math105,Prof. Taylor
52,Bella,106,CS102,Prof. Green
40,Nina,123,History105,Prof. Johnson
46,Ulysses,104,History101,Prof. Johnson
27,Alex,104,History101,Prof. Johnson
22,Vera,124,Math107,Prof. Taylor
35,Ian,117,CS104,Prof. Green
16,Paul,135,Physics107,Prof. White
17,Quinn,115,Math105,Prof. Taylor
50,Zoe,119,History104,Prof. Johnson
50,Zoe,130,Physics106,Prof. White
7,Grace,104,History101,Prof. Johnson
49,Xenia,104,History101,Prof. Johnson
48,Wyatt,113,CS103,Prof. Green
24,Xander,103,Physics101,Prof. White
36,Jane,107,Math103,Prof. Taylor
35,Ian,113,CS103,Prof. Green
19,Steve,123,History105,Prof. Johnson
51,Aaron,116,Physics103,Prof. White
9,Ivy,101,Math101,Prof. Smith
22,Vera,136,CS108,Prof. Green
44,Sara,116,Physics103,Prof. White
12,Liam,129,Math108,Prof. Taylor
36,Jane,112,Biology102,Prof. Gray
47,Violet,120,Physics104,Prof. White
49,Xenia,131,CS107,Prof. Green
14,Noah,131,CS107,Prof. Green
13,Mia,125,Physics105,Prof. White
28,Ben,101,Math101,Prof. Smith
47,Violet,125,Physics105,Prof. White
37,Kyle,123,History105,Prof. Johnson
5,Eve,114,History103,Prof. Johnson
13,Mia,124,Math107,Prof. Taylor
25,Yara,139,Math110,Prof. Taylor
35,Ian,103,Physics101,Prof. White
22,Vera,101,Math101,Prof. Smith
50,Zoe,129,Math108,Prof. Taylor
8,Hank,137,Biology106,Prof. Gray
50,Zoe,127,Biology104,Prof. Gray
39,Mike,134,Math109,Prof. Taylor
52,Bella,102,CS101,Prof. Brown
7,Grace,122,Biology103,Prof. Gray
19,Steve,128,History106,Prof. Johnson
17,Quinn,129,Math108,Prof. Taylor
22,Vera,117,CS104,Prof. Green
3,Carol,115,Math105,Prof. Taylor
14,Noah,107,Math103,Prof. Taylor
7,Grace,105,Math102,Prof. Taylor
42,Penny,133,History107,Prof. Johnson
17,Quinn,109,Math104,Prof. Smith
33,Gary,127,Biology104,Prof. Gray
6,Frank,102,CS101,Prof. Brown
22,Vera,115,Math105,Prof. Taylor
38,Lila,108,Biology101,Prof. Gray
7,Grace,114,History103,Prof. Johnson
31,Ethan,120,Physics104,Prof. White
30,Diana,101,Math101,Prof. Smith
34,Haley,133,History107,Prof. Johnson
25,Yara,110,History102,Prof. Johnson
46,Ulysses,111,Physics102,Prof. White
17,Quinn,130,Physics106,Prof. White
38,Lila,106,CS102,Prof. Green
16,Paul,129,Math108,Prof. Taylor
23,Will,107,Math103,Prof. Taylor
48,Wyatt,132,Biology105,Prof. Gray
40,Nina,116,Physics103,Prof. White
38,Lila,101,Math101,Prof. Smith
45,Tina,111,Physics102,Prof. White
51,Aaron,122,Biology103,Prof. Gray
50,Zoe,111,Physics102,Prof. White
21,Uma,120,Physics104,Prof. White
14,Noah,105,Math102,Prof. Taylor
26,Zane,134,Math109,Prof. Taylor
21,Uma,125,Physics105,Prof. White
16,Paul,128,History106,Prof. Johnson
46,Ulysses,108,Biology101,Prof. Gray
44,Sara,115,Math105,Prof. Taylor
5,Eve,111,Physics102,Prof. White
2,Bob,138,History108,Prof. Johnson
48,Wyatt,139,Math110,Prof. Taylor
20,Tracy,107,Math103,Prof. Taylor
43,Ray,105,Math102,Prof. Taylor
22,Vera,119,History104,Prof. Johnson
43,Ray,106,CS102,Prof. Green
24,Xander,108,Biology101,Prof. Gray
29,Chloe,112,Biology102,Prof. Gray
32,Fiona,123,History105,Prof. Johnson
44,Sara,119,History104,Prof. Johnson
52,Bella,126,CS106,Prof. Green
12,Liam,112,Biology102,Prof. Gray
24,Xander,101,Math101,Prof. Smith
45,Tina,106,CS102,Prof. Green
20,Tracy,119,History104,Prof. Johnson
44,Sara,108,Biology101,Prof. Gray
45,Tina,139,Math110,Prof. Taylor
38,Lila,110,History102,Prof. Johnson
45,Tina,117,CS104,Prof. Green
27,Alex,112,Biology102,Prof. Gray
30,Diana,126,CS106,Prof. Green
13,Mia,116,Physics103,Prof. White
14,Noah,110,History102,Prof. Johnson
41,Omar,105,Math102,Prof. Taylor
7,Grace,115,Math105,Prof. Taylor
24,Xander,124,Math107,Prof. Taylor
25,Yara,113,CS103,Prof. Green
33,Gary,117,CS104,Prof. Green
49,Xenia,135,Physics107,Prof. White
5,Eve,104,History101,Prof. Johnson
5,Eve,132,Biology105,Prof. Gray
25,Yara,118,Math106,Prof. Taylor
25,Yara,112,Biology102,Prof. Gray
16,Paul,105,Math102,Prof. Taylor
45,Tina,127,Biology104,Prof. Gray
43,Ray,130,Physics106,Prof. White
34,Haley,131,CS107,Prof. Green
4,Dave,121,CS105,Prof. Green
43,Ray,132,Biology105,Prof. Gray
27,Alex,136,CS108,Prof. Green
39,Mike,123,History105,Prof. Johnson
43,Ray,129,Math108,Prof. Taylor
36,Jane,132,Biology105,Prof. Gray
47,Violet,134,Math109,Prof. Taylor
18,Rachel,102,CS101,Prof. Brown
34,Haley,138,History108,Prof. Johnson
43,Ray,103,Physics101,Prof. White
25,Yara,123,History105,Prof. Johnson
42,Penny,114,History103,Prof. Johnson
13,Mia,134,Math109,Prof. Taylor
45,Tina,122,Biology103,Prof. Gray
19,Steve,120,Physics104,Prof. White
7,Grace,107,Math103,Prof. Taylor
7,Grace,135,Physics107,Prof. White
44,Sara,121,CS105,Prof. Green
22,Vera,113,CS103,Prof. Green
42,Penny,128,History106,Prof. Johnson
2,Bob,103,Physics101,Prof. White
2,Bob,131,CS107,Prof. Green
22,Vera,112,Biology102,Prof. Gray
8,Hank,104,History101,Prof. Johnson
42,Penny,134,Math109,Prof. Taylor
34,Haley,125,Physics105,Prof. White
32,Fiona,103,Physics101,Prof. White
26,Zane,135,Physics107,Prof. White
38,Lila,122,Biology103,Prof. Gray
33,Gary,115,Math105,Prof. Taylor
3,Carol,133,History107,Prof. Johnson
18,Rachel,103,Physics101,Prof. White
48,Wyatt,108,Biology101,Prof. Gray
38,Lila,137,Biology106,Prof. Gray
40,Nina,130,Physics106,Prof. White
51,Aaron,110,History102,Prof. Johnson
7,Grace,126,CS106,Prof. Green
39,Mike,108,Biology101,Prof. Gray
32,Fiona,120,Physics104,Prof. White
31,Ethan,125,Physics105,Prof. White
27,Alex,138,History108,Prof. Johnson
1,Alice,111,Physics102,Prof. White
44,Sara,125,Physics105,Prof. White
18,Rachel,115,Math105,Prof. Taylor
24,Xander,122,Biology103,Prof. Gray
49,Xenia,121,CS105,Prof. Green
12,Liam,136,CS108,Prof. Green
6,Frank,103,Physics101,Prof. White
30,Diana,121,CS105,Prof. Green
27,Alex,107,Math103,Prof. Taylor
12,Liam,108,Biology101,Prof. Gray
49,Xenia,124,Math107,Prof. Taylor
31,Ethan,107,Math103,Prof. Taylor
37,Kyle,121,CS105,Prof. Green
41,Omar,128,History106,Prof. Johnson
19,Steve,109,Math104,Prof. Smith
4,Dave,115,Math105,Prof. Taylor
20,Tracy,105,Math102,Prof. Taylor
13,Mia,128,History106,Prof. Johnson
43,Ray,134,Math109,Prof. Taylor
48,Wyatt,107,Math103,Prof. Taylor
48,Wyatt,109,Math104,Prof. Smith
46,Ulysses,129,Math108,Prof. Taylor
1,Alice,106,CS102,Prof. Green
33,Gary,119,History104,Prof. Johnson
21,Uma,133,History107,Prof. Johnson
41,Omar,129,Math108,Prof. Taylor
1,Alice,131,CS107,Prof. Green
19,Steve,117,CS104,Prof. Green
37,Kyle,109,Math104,Prof. Smith
37,Kyle,125,Physics105,Prof. White
30,Diana,138,History108,Prof. Johnson
47,Violet,107,Math103,Prof. Taylor
50,Zoe,135,Physics107,Prof. White
37,Kyle,116,Physics103,Prof. White
1,Alice,133,History107,Prof. Johnson
19,Steve,139,Math110,Prof. Taylor
36,Jane,122,Biology103,Prof. Gray
48,Wyatt,110,History102,Prof. Johnson
7,Grace,108,Biology101,Prof. Gray
2,Bob,121,CS105,Prof. Green
15,Olivia,139,Math110,Prof. Taylor
44,Sara,107,Math103,Prof. Taylor
22,Vera,127,Biology104,Prof. Gray
45,Tina,107,Math103,Prof. Taylor
34,Haley,110,History102,Prof. Johnson
44,Sara,134,Math109,Prof. Taylor
51,Aaron,115,Math105,Prof. Taylor
36,Jane,119,History104,Prof. Johnson
11,Karen,131,CS107,Prof. Green
36,Jane,137,Biology106,Prof. Gray
43,Ray,110,History102,Prof. Johnson
18,Rachel,111,Physics102,Prof. White
43,Ray,104,History101,Prof. Johnson
28,Ben,138,History108,Prof. Johnson
20,Tracy,123,History105,Prof. Johnson
12,Liam,115,Math105,Prof. Taylor
19,Steve,108,Biology101,Prof. Gray
23,Will,118,Math106,Prof. Taylor
9,Ivy,105,Math102,Prof. Taylor
51,Aaron,114,History103,Prof. Johnson
5,Eve,102,CS101,Prof. Brown
44,Sara,117,CS104,Prof. Green
5,Eve,120,Physics104,Prof. White
36,Jane,105,Math102,Prof. Taylor
9,Ivy,109,Math104,Prof. Smith
7,Grace,121,CS105,Prof. Green
52,Bella,122,Biology103,Prof. Gray
14,Noah,120,Physics104,Prof. White
40,Nina,127,Biology104,Prof. Gray
48,Wyatt,135,Physics107,Prof. White
31,Ethan,138,History108,Prof. Johnson
45,Tina,126,CS106,Prof. Green
26,Zane,110,History102,Prof. Johnson
32,Fiona,135,Physics107,Prof. White
28,Ben,132,Biology105,Prof. Gray
9,Ivy,130,Physics106,Prof. White
46,Ulysses,138,History108,Prof. Johnson
14,Noah,119,History104,Prof. Johnson
37,Kyle,108,Biology101,Prof. Gray
28,Ben,129,Math108,Prof. Taylor
46,Ulysses,126,CS106,Prof. Green
37,Kyle,130,Physics106,Prof. White
23,Will,139,Math110,Prof. Taylor
1,Alice,135,Physics107,Prof. White
33,Gary,134,Math109,Prof. Taylor
19,Steve,102,CS101,Prof. Brown
47,Violet,118,Math106,Prof. Taylor
10,Jack,138,History108,Prof. Johnson
46,Ulysses,103,Physics101,Prof. White
34,Haley,122,Biology103,Prof. Gray
34,Haley,108,Biology101,Prof. Gray
43,Ray,135,Physics107,Prof. White
11,Karen,114,History103,Prof. Johnson
37,Kyle,103,Physics101,Prof. White
28,Ben,106,CS102,Prof. Green
19,Steve,113,CS103,Prof. Green
39,Mike,133,History107,Prof. Johnson
9,Ivy,137,Biology106,Prof. Gray
32,Fiona,107,Math103,Prof. Taylor
23,Will,121,CS105,Prof. Green
22,Vera,131,CS107,Prof. Green
45,Tina,101,Math101,Prof. Smith
33,Gary,124,Math107,Prof. Taylor
50,Zoe,102,CS101,Prof. Brown
36,Jane,135,Physics107,Prof. White
52,Bella,109,Math104,Prof. Smith
38,Lila,139,Math110,Prof. Taylor
34,Haley,114,History103,Prof. Johnson
18,Rachel,135,Physics107,Prof. White
14,Noah,123,History105,Prof. Johnson
10,Jack,108,Biology101,Prof. Gray
47,Violet,119,History104,Prof. Johnson
5,Eve,129,Math108,Prof. Taylor
7,Grace,112,Biology102,Prof. Gray
10,Jack,135,Physics107,Prof. White
51,Aaron,129,Math108,Prof. Taylor
39,Mike,135,Physics107,Prof. White
5,Eve,135,Physics107,Prof. White
50,Zoe,122,Biology103,Prof. Gray
4,Dave,138,History108,Prof. Johnson
2,Bob,108,Biology101,Prof. Gray
30,Diana,119,History104,Prof. Johnson
50,Zoe,116,Physics103,Prof. White
8,Hank,120,Physics104,Prof. White
39,Mike,125,Physics105,Prof. White
30,Diana,122,Biology103,Prof. Gray
21,Uma,108,Biology101,Prof. Gray
18,Rachel,124,Math107,Prof. Taylor
23,Will,136,CS108,Prof. Green
13,Mia,105,Math102,Prof. Taylor
46,Ulysses,130,Physics106,Prof. White
23,Will,120,Physics104,Prof. White
12,Liam,121,CS105,Prof. Green
20,Tracy,132,Biology105,Prof. Gray
29,Chloe,133,History107,Prof. Johnson
40,Nina,137,Biology106,Prof. Gray
19,Steve,135,Physics107,Prof. White
31,Ethan,114,History103,Prof. Johnson
1,Alice,105,Math102,Prof. Taylor
47,Violet,104,History101,Prof. Johnson
49,Xenia,137,Biology106,Prof. Gray
51,Aaron,126,CS106,Prof. Green
4,Dave,132,Biology105,Prof. Gray
17,Quinn,132,Biology105,Prof. Gray
48,Wyatt,118,Math106,Prof. Taylor
7,Grace,113,CS103,Prof. Green
23,Will,101,Math101,Prof. Smith
17,Quinn,123,History105,Prof. Johnson
39,Mike,105,Math102,Prof. Taylor
13,Mia,123,History105,Prof. Johnson
27,Alex,119,History104,Prof. Johnson
20,Tracy,117,CS104,Prof. Green
16,Paul,123,History105,Prof. Johnson
11,Karen,136,CS108,Prof. Green
4,Dave,133,History107,Prof. Johnson
2,Bob,117,CS104,Prof. Green
26,Zane,117,CS104,Prof. Green
44,Sara,129,Math108,Prof. Taylor
37,Kyle,128,History106,Prof. Johnson
4,Dave,103,Physics101,Prof. White
40,Nina,122,Biology103,Prof. Gray
52,Bella,124,Math107,Prof. Taylor
51,Aaron,118,Math106,Prof. Taylor
3,Carol,112,Biology102,Prof. Gray
10,Jack,134,Math109,Prof. Taylor
46,Ulysses,105,Math102,Prof. Taylor
48,Wyatt,123,History105,Prof. Johnson
39,Mike,116,Physics103,Prof. White
52,Bella,128,History106,Prof. Johnson
17,Quinn,131,CS107,Prof. Green
2,Bob,114,History103,Prof. Johnson
51,Aaron,127,Biology104,Prof. Gray
26,Zane,136,CS108,Prof. Green
41,Omar,118,Math106,Prof. Taylor
21,Uma,109,Math104,Prof. Smith
36,Jane,102,CS101,Prof. Brown
9,Ivy,120,Physics104,Prof. White
33,Gary,112,Biology102,Prof. Gray
45,Tina,112,Biology102,Prof. Gray
43,Ray,124,Math107,Prof. Taylor
8,Hank,123,History105,Prof. Johnson
21,Uma,106,CS102,Prof. Green
41,Omar,135,Physics107,Prof. White
24,Xander,139,Math110,Prof. Taylor
47,Violet,121,CS105,Prof. Green
7,Grace,118,Math106,Prof. Taylor
19,Steve,115,Math105,Prof. Taylor
2,Bob,139,Math110,Prof. Taylor
4,Dave,137,Biology106,Prof. Gray
39,Mike,127,Biology104,Prof. Gray
48,Wyatt,130,Physics106,Prof. White
45,Tina,136,CS108,Prof. Green
43,Ray,128,History106,Prof. Johnson
28,Ben,104,History101,Prof. Johnson
24,Xander,125,Physics105,Prof. White
25,Yara,106,CS102,Prof. Green
1,Alice,137,Biology106,Prof. Gray
18,Rachel,108,Biology101,Prof. Gray
49,Xenia,126,CS106,Prof. Green
2,Bob,113,CS103,Prof. Green
16,Paul,130,Physics106,Prof. White
51,Aaron,120,Physics104,Prof. White
35,Ian,137,Biology106,Prof. Gray
16,Paul,112,Biology102,Prof. Gray
15,Olivia,111,Physics102,Prof. White
42,Penny,131,CS107,Prof. Green
1,Alice,121,CS105,Prof. Green
35,Ian,128,History106,Prof. Johnson
5,Eve,107,Math103,Prof. Taylor
24,Xander,137,Biology106,Prof. Gray
51,Aaron,121,CS105,Prof. Green
4,Dave,126,CS106,Prof. Green
38,Lila,111,Physics102,Prof. White
47,Violet,122,Biology103,Prof. Gray
2,Bob,120,Physics104,Prof. White
29,Chloe,135,Physics107,Prof. White
20,Tracy,101,Math101,Prof. Smith
50,Zoe,105,Math102,Prof. Taylor
35,Ian,134,Math109,Prof. Taylor
33,Gary,128,History106,Prof. Johnson
17,Quinn,137,Biology106,Prof. Gray
7,Grace,138,History108,Prof. Johnson
19,Steve,137,Biology106,Prof. Gray
10,Jack,122,Biology103,Prof. Gray
2,Bob,132,Biology105,Prof. Gray
5,Eve,130,Physics106,Prof. White
3,Carol,113,CS103,Prof. Green
31,Ethan,123,History105,Prof. Johnson
20,Tracy,111,Physics102,Prof. White
9,Ivy,134,Math109,Prof. Taylor
4,Dave,113,CS103,Prof. Green
37,Kyle,106,CS102,Prof. Green
46,Ulysses,114,History103,Prof. Johnson
51,Aaron,136,CS108,Prof. Green
49,Xenia,115,Math105,Prof. Taylor
39,Mike,122,Biology103,Prof. Gray
47,Violet,109,Math104,Prof. Smith
13,Mia,101,Math101,Prof. Smith
12,Liam,107,Math103,Prof. Taylor
19,Steve,134,Math109,Prof. Taylor
22,Vera,102,CS101,Prof. Brown
27,Alex,116,Physics103,Prof. White
22,Vera,125,Physics105,Prof. White
18,Rachel,105,Math102,Prof. Taylor
34,Haley,103,Physics101,Prof. White
32,Fiona,110,History102,Prof. Johnson
22,Vera,108,Biology101,Prof. Gray
48,Wyatt,126,CS106,Prof. Green
17,Quinn,107,Math103,Prof. Taylor
15,Olivia,132,Biology105,Prof. Gray
31,Ethan,118,Math106,Prof. Taylor
33,Gary,110,History102,Prof. Johnson
8,Hank,113,CS103,Prof. Green
42,Penny,122,Biology103,Prof. Gray
13,Mia,139,Math110,Prof. Taylor
31,Ethan,104,History101,Prof. Johnson
29,Chloe,138,History108,Prof. Johnson
4,Dave,131,CS107,Prof. Green
43,Ray,126,CS106,Prof. Green
32,Fiona,104,History101,Prof. Johnson
17,Quinn,119,History104,Prof. Johnson
30,Diana,136,CS108,Prof. Green
52,Bella,117,CS104,Prof. Green
11,Karen,139,Math110,Prof. Taylor
20,Tracy,108,Biology101,Prof. Gray
5,Eve,123,History105,Prof. Johnson
31,Ethan,135,Physics107,Prof. White
31,Ethan,127,Biology104,Prof. Gray
18,Rachel,112,Biology102,Prof. Gray
34,Haley,113,CS103,Prof. Green
20,Tracy,126,CS106,Prof. Green
25,Yara,138,History108,Prof. Johnson
47,Violet,114,History103,Prof. Johnson
44,Sara,123,History105,Prof. Johnson
26,Zane,129,Math108,Prof. Taylor
21,Uma,112,Biology102,Prof. Gray
40,Nina,114,History103,Prof. Johnson
44,Sara,105,Math102,Prof. Taylor
14,Noah,138,History108,Prof. Johnson
6,Frank,101,Math101,Prof. Smith
26,Zane,112,Biology102,Prof. Gray
36,Jane,109,Math104,Prof. Smith
23,Will,135,Physics107,Prof. White
13,Mia,127,Biology104,Prof. Gray
30,Diana,109,Math104,Prof. Smith
47,Violet,132,Biology105,Prof. Gray
8,Hank,138,History108,Prof. Johnson
10,Jack,121,CS105,Prof. Green
29,Chloe,104,History101,Prof. Johnson
10,Jack,131,CS107,Prof. Green
39,Mike,103,Physics101,Prof. White
50,Zoe,117,CS104,Prof. Green
47,Violet,135,Physics107,Prof. White
42,Penny,102,CS101,Prof. Brown
19,Steve,101,Math101,Prof. Smith
35,Ian,124,Math107,Prof. Taylor
38,Lila,129,Math108,Prof. Taylor
3,Carol,139,Math110,Prof. Taylor
7,Grace,119,History104,Prof. Johnson
11,Karen,105,Math102,Prof. Taylor
11,Karen,104,History101,Prof. Johnson
51,Aaron,108,Biology101,Prof. Gray
14,Noah,126,CS106,Prof. Green
21,Uma,138,History108,Prof. Johnson
1,Alice,107,Math103,Prof. Taylor
25,Yara,111,Physics102,Prof. White
13,Mia,119,History104,Prof. Johnson
51,Aaron,133,History107,Prof. Johnson
3,Carol,106,CS102,Prof. Green
39,Mike,131,CS107,Prof. Green
30,Diana,118,Math106,Prof. Taylor
30,Diana,108,Biology101,Prof. Gray
45,Tina,113,CS103,Prof. Green
2,Bob,128,History106,Prof. Johnson
39,Mike,137,Biology106,Prof. Gray
14,Noah,129,Math108,Prof. Taylor
50,Zoe,108,Biology101,Prof. Gray
30,Diana,139,Math110,Prof. Taylor
33,Gary,126,CS106,Prof. Green
28,Ben,120,Physics104,Prof. White
31,Ethan,115,Math105,Prof. Taylor
34,Haley,115,Math105,Prof. Taylor
45,Tina,114,History103,Prof. Johnson
6,Frank,138,History108,Prof. Johnson
6,Frank,120,Physics104,Prof. White
48,Wyatt,104,History101,Prof. Johnson
18,Rachel,129,Math108,Prof. Taylor
33,Gary,116,Physics103,Prof. White
7,Grace,111,Physics102,Prof. White
41,Omar,107,Math103,Prof. Taylor
19,Steve,131,CS107,Prof. Green
45,Tina,104,History101,Prof. Johnson
1,Alice,129,Math108,Prof. Taylor
8,Hank,119,History104,Prof. Johnson
3,Carol,134,Math109,Prof. Taylor
39,Mike,128,History106,Prof. Johnson
22,Vera,137,Biology106,Prof. Gray
45,Tina,120,Physics104,Prof. White
39,Mike,119,History104,Prof. Johnson
19,Steve,122,Biology103,Prof. Gray
47,Violet,102,CS101,Prof. Brown
43,Ray,119,History104,Prof. Johnson
13,Mia,106,CS102,Prof. Green
37,Kyle,131,CS107,Prof. Green
13,Mia,121,CS105,Prof. Green
49,Xenia,138,History108,Prof. Johnson
42,Penny,135,Physics107,Prof. White
20,Tracy,112,Biology102,Prof. Gray
13,Mia,137,Biology106,Prof. Gray
16,Paul,107,Math103,Prof. Taylor
15,Olivia,130,Physics106,Prof. White
6,Frank,104,History101,Prof. Johnson
51,Aaron,132,Biology105,Prof. Gray
23,Will,123,History105,Prof. Johnson
5,Eve,124,Math107,Prof. Taylor
7,Grace,132,Biology105,Prof. Gray
24,Xander,118,Math106,Prof. Taylor
3,Carol,128,History106,Prof. Johnson
49,Xenia,119,History104,Prof. Johnson
22,Vera,134,Math109,Prof. Taylor
19,Steve,104,History101,Prof. Johnson
20,Tracy,125,Physics105,Prof. White
27,Alex,115,Math105,Prof. Taylor
24,Xander,106,CS102,Prof. Green
2,Bob,101,Math101,Prof. Smith
27,Alex,109,Math104,Prof. Smith
36,Jane,139,Math110,Prof. Taylor
30,Diana,133,History107,Prof. Johnson
8,Hank,111,Physics102,Prof. White
49,Xenia,112,Biology102,Prof. Gray
16,Paul,104,History101,Prof. Johnson
26,Zane,128,History106,Prof. Johnson
46,Ulysses,123,History105,Prof. Johnson
14,Noah,137,Biology106,Prof. Gray
29,Chloe,128,History106,Prof. Johnson
40,Nina,121,CS105,Prof. Green
39,Mike,110,History102,Prof. Johnson
49,Xenia,129,Math108,Prof. Taylor
3,Carol,129,Math108,Prof. Taylor
16,Paul,108,Biology101,Prof. Gray
36,Jane,120,Physics104,Prof. White
45,Tina,138,History108,Prof. Johnson
41,Omar,133,History107,Prof. Johnson
31,Ethan,109,Math104,Prof. Smith
35,Ian,139,Math110,Prof. Taylor
21,Uma,116,Physics103,Prof. White
39,Mike,136,CS108,Prof. Green
44,Sara,136,CS108,Prof. Green
32,Fiona,116,Physics103,Prof. White
26,Zane,121,CS105,Prof. Green
14,Noah,133,History107,Prof. Johnson
29,Chloe,124,Math107,Prof. Taylor
34,Haley,116,Physics103,Prof. White
3,Carol,122,Biology103,Prof. Gray
37,Kyle,126,CS106,Prof. Green
23,Will,104,History101,Prof. Johnson
27,Alex,127,Biology104,Prof. Gray
12,Liam,116,Physics103,Prof. White
10,Jack,137,Biology106,Prof. Gray
48,Wyatt,106,CS102,Prof. Green
51,Aaron,124,Math107,Prof. Taylor
42,Penny,123,History105,Prof. Johnson
30,Diana,116,Physics103,Prof. White
30,Diana,131,CS107,Prof. Green
41,Omar,112,Biology102,Prof. Gray
1,Alice,136,CS108,Prof. Green
33,Gary,135,Physics107,Prof. White
37,Kyle,105,Math102,Prof. Taylor
48,Wyatt,128,History106,Prof. Johnson
20,Tracy,110,History102,Prof. Johnson
52,Bella,132,Biology105,Prof. Gray
24,Xander,129,Math108,Prof. Taylor
2,Bob,124,Math107,Prof. Taylor
8,Hank,130,Physics106,Prof. White
1,Alice,128,History106,Prof. Johnson
22,Vera,104,History101,Prof. Johnson
20,Tracy,104,History101,Prof. Johnson
29,Chloe,108,Biology101,Prof. Gray
37,Kyle,127,Biology104,Prof. Gray
36,Jane,131,CS107,Prof. Green
35,Ian,116,Physics103,Prof. White
9,Ivy,112,Biology102,Prof. Gray
15,Olivia,135,Physics107,Prof. White
31,Ethan,128,History106,Prof. Johnson
40,Nina,102,CS101,Prof. Brown
50,Zoe,134,Math109,Prof. Taylor
36,Jane,113,CS103,Prof. Green
36,Jane,108,Biology101,Prof. Gray
13,Mia,130,Physics106,Prof. White
25,Yara,129,Math108,Prof. Taylor
50,Zoe,101,Math101,Prof. Smith
36,Jane,138,History108,Prof. Johnson
25,Yara,114,History103,Prof. Johnson
52,Bella,130,Physics106,Prof. White
51,Aaron,117,CS104,Prof. Green
5,Eve,115,Math105,Prof. Taylor
10,Jack,113,CS103,Prof. Green
39,Mike,104,History101,Prof. Johnson
9,Ivy,139,Math110,Prof. Taylor
4,Dave,125,Physics105,Prof. White
31,Ethan,122,Biology103,Prof. Gray
26,Zane,113,CS103,Prof. Green
27,Alex,111,Physics102,Prof. White
39,Mike,111,Physics102,Prof. White
13,Mia,136,CS108,Prof. Green
41,Omar,104,History101,Prof. Johnson
40,Nina,126,CS106,Prof. Green
31,Ethan,106,CS102,Prof. Green
3,Carol,130,Physics106,Prof. White
52,Bella,139,Math110,Prof. Taylor
34,Haley,126,CS106,Prof. Green
24,Xander,134,Math109,Prof. Taylor
15,Olivia,110,History102,Prof. Johnson
23,Will,138,History108,Prof. Johnson
20,Tracy,122,Biology103,Prof. Gray
14,Noah,117,CS104,Prof. Green
5,Eve,117,CS104,Prof. Green
49,Xenia,110,History102,Prof. Johnson
13,Mia,122,Biology103,Prof. Gray
20,Tracy,135,Physics107,Prof. White
14,Noah,136,CS108,Prof. Green
21,Uma,137,Biology106,Prof. Gray
14,Noah,121,CS105,Prof. Green
40,Nina,125,Physics105,Prof. White
37,Kyle,118,Math106,Prof. Taylor
45,Tina,109,Math104,Prof. Smith
13,Mia,110,History102,Prof. Johnson
31,Ethan,130,Physics106,Prof. White
21,Uma,107,Math103,Prof. Taylor
37,Kyle,104,History101,Prof. Johnson
35,Ian,123,History105,Prof. Johnson
38,Lila,115,Math105,Prof. Taylor
34,Haley,117,CS104,Prof. Green
19,Steve,107,Math103,Prof. Taylor
52,Bella,101,Math101,Prof. Smith
35,Ian,121,CS105,Prof. Green
8,Hank,129,Math108,Prof. Taylor
11,Karen,127,Biology104,Prof. Gray
36,Jane,126,CS106,Prof. Green
28,Ben,133,History107,Prof. Johnson
9,Ivy,110,History102,Prof. Johnson
1,Alice,112,Biology102,Prof. Gray
48,Wyatt,105,Math102,Prof. Taylor
15,Olivia,125,Physics105,Prof. White
25,Yara,125,Physics105,Prof. White
51,Aaron,104,History101,Prof. Johnson
42,Penny,126,CS106,Prof. Green
48,Wyatt,112,Biology102,Prof. Gray
18,Rachel,128,History106,Prof. Johnson
34,Haley,109,Math104,Prof. Smith
29,Chloe,118,Math106,Prof. Taylor
18,Rachel,116,Physics103,Prof. White
32,Fiona,106,CS102,Prof. Green
36,Jane,134,Math109,Prof. Taylor
11,Karen,108,Biology101,Prof. Gray
27,Alex,122,Biology103,Prof. Gray
32,Fiona,130,Physics106,Prof. White
50,Zoe,139,Math110,Prof. Taylor
25,Yara,115,Math105,Prof. Taylor
1,Alice,120,Physics104,Prof. White
12,Liam,127,Biology104,Prof. Gray
47,Violet,110,History102,Prof. Johnson
23,Will,109,Math104,Prof. Smith
25,Yara,132,Biology105,Prof. Gray
47,Violet,103,Physics101,Prof. White
12,Liam,120,Physics104,Prof. White
41,Omar,113,CS103,Prof. Green
10,Jack,139,Math110,Prof. Taylor
33,Gary,123,History105,Prof. Johnson
22,Vera,135,Physics107,Prof. White
36,Jane,121,CS105,Prof. Green
16,Paul,137,Biology106,Prof. Gray
12,Liam,119,History104,Prof. Johnson
30,Diana,106,CS102,Prof. Green
46,Ulysses,110,History102,Prof. Johnson
27,Alex,120,Physics104,Prof. White
47,Violet,115,Math105,Prof. Taylor
12,Liam,137,Biology106,Prof. Gray
3,Carol,101,Math101,Prof. Smith
43,Ray,139,Math110,Prof. Taylor
15,Olivia,129,Math108,Prof. Taylor
9,Ivy,114,History103,Prof. Johnson
6,Frank,133,History107,Prof. Johnson
24,Xander,133,History107,Prof. Johnson
25,Yara,120,Physics104,Prof. White
43,Ray,120,Physics104,Prof. White
6,Frank,123,History105,Prof. Johnson
23,Will,110,History102,Prof. Johnson
20,Tracy,124,Math107,Prof. Taylor
25,Yara,102,CS101,Prof. Brown
29,Chloe,115,Math105,Prof. Taylor
11,Karen,103,Physics101,Prof. White
16,Paul,132,Biology105,Prof. Gray
34,Haley,134,Math109,Prof. Taylor
1,Alice,122,Biology103,Prof. Gray
42,Penny,124,Math107,Prof. Taylor
32,Fiona,117,CS104,Prof. Green
33,Gary,121,CS105,Prof. Green
28,Ben,115,Math105,Prof. Taylor
3,Carol,124,Math107,Prof. Taylor
40,Nina,112,Biology102,Prof. Gray
20,Tracy,121,CS105,Prof. Green
17,Quinn,110,History102,Prof. Johnson
26,Zane,120,Physics104,Prof. White
48,Wyatt,131,CS107,Prof. Green
27,Alex,105,Math102,Prof. Taylor
16,Paul,134,Math109,Prof. Taylor
34,Haley,136,CS108,Prof. Green
32,Fiona,119,History104,Prof. Johnson
8,Hank,108,Biology101,Prof. Gray
32,Fiona,129,Math108,Prof. Taylor
30,Diana,128,History106,Prof. Johnson
26,Zane,104,History101,Prof. Johnson
24,Xander,138,History108,Prof. Johnson
40,Nina,106,CS102,Prof. Green
49,Xenia,127,Biology104,Prof. Gray
2,Bob,109,Math104,Prof. Smith
11,Karen,113,CS103,Prof. Green
4,Dave,128,History106,Prof. Johnson
2,Bob,133,History107,Prof. Johnson
44,Sara,128,History106,Prof. Johnson
29,Chloe,103,Physics101,Prof. White
48,Wyatt,125,Physics105,Prof. White
19,Steve,105,Math102,Prof. Taylor
9,Ivy,113,CS103,Prof. Green
52,Bella,112,Biology102,Prof. Gray
25,Yara,121,CS105,Prof. Green
13,Mia,104,History101,Prof. Johnson
23,Will,127,Biology104,Prof. Gray
25,Yara,108,Biology101,Prof. Gray
21,Uma,118,Math106,Prof. Taylor
41,Omar,106,CS102,Prof. Green
42,Penny,112,Biology102,Prof. Gray
23,Will,106,CS102,Prof. Green
48,Wyatt,129,Math108,Prof. Taylor
43,Ray,116,Physics103,Prof. White
21,Uma,103,Physics101,Prof. White
4,Dave,135,Physics107,Prof. White
7,Grace,134,Math109,Prof. Taylor
10,Jack,110,History102,Prof. Johnson
46,Ulysses,133,History107,Prof. Johnson
52,Bella,107,Math103,Prof. Taylor
39,Mike,124,Math107,Prof. Taylor
4,Dave,111,Physics102,Prof. White
28,Ben,134,Math109,Prof. Taylor
50,Zoe,124,Math107,Prof. Taylor
21,Uma,119,History104,Prof. Johnson
1,Alice,138,History108,Prof. Johnson
12,Liam,125,Physics105,Prof. White
32,Fiona,136,CS108,Prof. Green
48,Wyatt,127,Biology104,Prof. Gray
4,Dave,130,Physics106,Prof. White
40,Nina,107,Math103,Prof. Taylor
38,Lila,133,History107,Prof. Johnson
48,Wyatt,111,Physics102,Prof. White
27,Alex,121,CS105,Prof. Green
11,Karen,119,History104,Prof. Johnson
32,Fiona,118,Math106,Prof. Taylor
48,Wyatt,117,CS104,Prof. Green
34,Haley,105,Math102,Prof. Taylor
39,Mike,118,Math106,Prof. Taylor
32,Fiona,133,History107,Prof. Johnson
51,Aaron,101,Math101,Prof. Smith
31,Ethan,103,Physics101,Prof. White
6,Frank,139,Math110,Prof. Taylor
43,Ray,117,CS104,Prof. Green
4,Dave,106,CS102,Prof. Green
41,Omar,119,History104,Prof. Johnson
28,Ben,135,Physics107,Prof. White
16,Paul,118,Math106,Prof. Taylor
26,Zane,127,Biology104,Prof. Gray
22,Vera,128,History106,Prof. Johnson
31,Ethan,131,CS107,Prof. Green
15,Olivia,136,CS108,Prof. Green
49,Xenia,109,Math104,Prof. Smith
2,Bob,110,History102,Prof. Johnson
41,Omar,127,Biology104,Prof. Gray
43,Ray,108,Biology101,Prof. Gray
18,Rachel,126,CS106,Prof. Green
1,Alice,102,CS101,Prof. Brown
16,Paul,120,Physics104,Prof. White
24,Xander,121,CS105,Prof. Green
13,Mia,126,CS106,Prof. Green
31,Ethan,139,Math110,Prof. Taylor
40,Nina,101,Math101,Prof. Smith
26,Zane,119,History104,Prof. Johnson
46,Ulysses,115,Math105,Prof. Taylor
35,Ian,136,CS108,Prof. Green
22,Vera,121,CS105,Prof. Green
10,Jack,117,CS104,Prof. Green
31,Ethan,111,Physics102,Prof. White
47,Violet,105,Math102,Prof. Taylor
44,Sara,122,Biology103,Prof. Gray
41,Omar,123,History105,Prof. Johnson
12,Liam,138,History108,Prof. Johnson
25,Yara,135,Physics107,Prof. White
25,Yara,124,Math107,Prof. Taylor
52,Bella,115,Math105,Prof. Taylor
40,Nina,103,Physics101,Prof. White
20,Tracy,113,CS103,Prof. Green
35,Ian,107,Math103,Prof. Taylor
34,Haley,127,Biology104,Prof. Gray
23,Will,102,CS101,Prof. Brown
33,Gary,101,Math101,Prof. Smith
17,Quinn,108,Biology101,Prof. Gray
19,Steve,106,CS102,Prof. Green
35,Ian,127,Biology104,Prof. Gray
33,Gary,102,CS101,Prof. Brown
2,Bob,136,CS108,Prof. Green
8,Hank,105,Math102,Prof. Taylor
49,Xenia,128,History106,Prof. Johnson
34,Haley,102,CS101,Prof. Brown
8,Hank,103,Physics101,Prof. White
52,Bella,118,Math106,Prof. Taylor
31,Ethan,124,Math107,Prof. Taylor
14,Noah,134,Math109,Prof. Taylor
10,Jack,123,History105,Prof. Johnson
25,Yara,130,Physics106,Prof. White
5,Eve,108,Biology101,Prof. Gray
17,Quinn,116,Physics103,Prof. White
19,Steve,118,Math106,Prof. Taylor
20,Tracy,109,Math104,Prof. Smith
50,Zoe,112,Biology102,Prof. Gray
35,Ian,108,Biology101,Prof. Gray
5,Eve,106,CS102,Prof. Green
24,Xander,109,Math104,Prof. Smith
50,Zoe,118,Math106,Prof. Taylor
34,Haley,119,History104,Prof. Johnson
45,Tina,119,History104,Prof. Johnson
11,Karen,133,History107,Prof. Johnson
22,Vera,103,Physics101,Prof. White
51,Aaron,112,Biology102,Prof. Gray
38,Lila,105,Math102,Prof. Taylor
28,Ben,136,CS108,Prof. Green
10,Jack,112,Biology102,Prof. Gray
46,Ulysses,120,Physics104,Prof. White
49,Xenia,133,History107,Prof. Johnson
8,Hank,124,Math107,Prof. Taylor
40,Nina,117,CS104,Prof. Green
28,Ben,119,History104,Prof. Johnson
18,Rachel,133,History107,Prof. Johnson
33,Gary,133,History107,Prof. Johnson
16,Paul,122,Biology103,Prof. Gray
44,Sara,103,Physics101,Prof. White
10,Jack,129,Math108,Prof. Taylor
43,Ray,115,Math105,Prof. Taylor
45,Tina,103,Physics101,Prof. White
8,Hank,125,Physics105,Prof. White
40,Nina,104,History101,Prof. Johnson
18,Rachel,107,Math103,Prof. Taylor
7,Grace,130,Physics106,Prof. White
48,Wyatt,133,History107,Prof. Johnson
24,Xander,104,History101,Prof. Johnson
45,Tina,130,Physics106,Prof. White
16,Paul,101,Math101,Prof. Smith
40,Nina,110,History102,Prof. Johnson
49,Xenia,136,CS108,Prof. Green
10,Jack,128,History106,Prof. Johnson
1,Alice,113,CS103,Prof. Green
44,Sara,104,History101,Prof. Johnson
4,Dave,112,Biology102,Prof. Gray
49,Xenia,118,Math106,Prof. Taylor
26,Zane,109,Math104,Prof. Smith
32,Fiona,137,Biology106,Prof. Gray
34,Haley,124,Math107,Prof. Taylor
50,Zoe,106,CS102,Prof. Green
8,Hank,106,CS102,Prof. Green
13,Mia,109,Math104,Prof. Smith
11,Karen,132,Biology105,Prof. Gray
35,Ian,120,Physics104,Prof. White
12,Liam,104,History101,Prof. Johnson
11,Karen,112,Biology102,Prof. Gray
21,Uma,134,Math109,Prof. Taylor
35,Ian,133,History107,Prof. Johnson
27,Alex,101,Math101,Prof. Smith
17,Quinn,114,History103,Prof. Johnson
35,Ian,125,Physics105,Prof. White
9,Ivy,128,History106,Prof. Johnson
26,Zane,123,History105,Prof. Johnson
15,Olivia,120,Physics104,Prof. White
47,Violet,139,Math110,Prof. Taylor
26,Zane,114,History103,Prof. Johnson
18,Rachel,132,Biology105,Prof. Gray
42,Penny,107,Math103,Prof. Taylor
38,Lila,107,Math103,Prof. Taylor
10,Jack,101,Math101,Prof. Smith
39,Mike,101,Math101,Prof. Smith
6,Frank,126,CS106,Prof. Green
23,Will,103,Physics101,Prof. White
10,Jack,102,CS101,Prof. Brown
42,Penny,125,Physics105,Prof. White
34,Haley,106,CS102,Prof. Green
43,Ray,111,Physics102,Prof. White
43,Ray,102,CS101,Prof. Brown
31,Ethan,105,Math102,Prof. Taylor
40,Nina,138,History108,Prof. Johnson
33,Gary,136,CS108,Prof. Green
46,Ulysses,118,Math106,Prof. Taylor
28,Ben,107,Math103,Prof. Taylor
26,Zane,105,Math102,Prof. Taylor
49,Xenia,101,Math101,Prof. Smith
7,Grace,129,Math108,Prof. Taylor
49,Xenia,122,Biology103,Prof. Gray
40,Nina,109,Math104,Prof. Smith
40,Nina,105,Math102,Prof. Taylor
52,Bella,110,History102,Prof. Johnson
33,Gary,106,CS102,Prof. Green
9,Ivy,119,History104,Prof. Johnson
10,Jack,119,History104,Prof. Johnson
18,Rachel,127,Biology104,Prof. Gray
22,Vera,111,Physics102,Prof. White
29,Chloe,111,Physics102,Prof. White
9,Ivy,106,CS102,Prof. Green
6,Frank,106,CS102,Prof. Green
48,Wyatt,120,Physics104,Prof. White
21,Uma,130,Physics106,Prof. White
13,Mia,118,Math106,Prof. Taylor
43,Ray,112,Biology102,Prof. Gray
17,Quinn,113,CS103,Prof. Green
46,Ulysses,112,Biology102,Prof. Gray
28,Ben,124,Math107,Prof. Taylor
39,Mike,139,Math110,Prof. Taylor
14,Noah,118,Math106,Prof. Taylor
15,Olivia,134,Math109,Prof. Taylor
34,Haley,111,Physics102,Prof. White
7,Grace,133,History107,Prof. Johnson
39,Mike,132,Biology105,Prof. Gray
18,Rachel,125,Physics105,Prof. White
38,Lila,135,Physics107,Prof. White
10,Jack,111,Physics102,Prof. White
21,Uma,122,Biology103,Prof. Gray
50,Zoe,120,Physics104,Prof. White
41,Omar,125,Physics105,Prof. White
36,Jane,111,Physics102,Prof. White
46,Ulysses,116,Physics103,Prof. White
15,Olivia,114,History103,Prof. Johnson
15,Olivia,104,History101,Prof. Johnson
35,Ian,126,CS106,Prof. Green
1,Alice,115,Math105,Prof. Taylor
19,Steve,124,Math107,Prof. Taylor
10,Jack,103,Physics101,Prof. White
44,Sara,132,Biology105,Prof. Gray
32,Fiona,121,CS105,Prof. Green
52,Bella,127,Biology104,Prof. Gray
28,Ben,139,Math110,Prof. Taylor
4,Dave,127,Biology104,Prof. Gray
7,Grace,123,History105,Prof. Johnson
2,Bob,102,CS101,Prof. Brown
20,Tracy,102,CS101,Prof. Brown
45,Tina,129,Math108,Prof. Taylor
17,Quinn,127,Biology104,Prof. Gray
39,Mike,126,CS106,Prof. Green
31,Ethan,117,CS104,Prof. Green
25,Yara,134,Math109,Prof. Taylor
7,Grace,117,CS104,Prof. Green
16,Paul,111,Physics102,Prof. White
51,Aaron,102,CS101,Prof. Brown
34,Haley,121,CS105,Prof. Green
42,Penny,108,Biology101,Prof. Gray
14,Noah,102,CS101,Prof. Brown
23,Will,111,Physics102,Prof. White
20,Tracy,129,Math108,Prof. Taylor
47,Violet,112,Biology102,Prof. Gray
37,Kyle,138,History108,Prof. Johnson
50,Zoe,132,Biology105,Prof. Gray
30,Diana,117,CS104,Prof. Green
14,Noah,124,Math107,Prof. Taylor
50,Zoe,114,History103,Prof. Johnson
41,Omar,111,Physics102,Prof. White
31,Ethan,116,Physics103,Prof. White
6,Frank,137,Biology106,Prof. Gray
17,Quinn,125,Physics105,Prof. White
1,Alice,101,Math101,Prof. Smith
42,Penny,110,History102,Prof. Johnson
42,Penny,138,History108,Prof. Johnson
27,Alex,137,Biology106,Prof. Gray
26,Zane,101,Math101,Prof. Smith
34,Haley,128,History106,Prof. Johnson
12,Liam,118,Math106,Prof. Taylor
8,Hank,116,Physics103,Prof. White
24,Xander,119,History104,Prof. Johnson
9,Ivy,132,Biology105,Prof. Gray
45,Tina,124,Math107,Prof. Taylor
5,Eve,127,Biology104,Prof. Gray
26,Zane,107,Math103,Prof. Taylor
23,Will,125,Physics105,Prof. White
45,Tina,118,Math106,Prof. Taylor
40,Nina,113,CS103,Prof. Green
1,Alice,130,Physics106,Prof. White
34,Haley,137,Biology106,Prof. Gray
32,Fiona,114,History103,Prof. Johnson
23,Will,122,Biology103,Prof. Gray
21,Uma,132,Biology105,Prof. Gray
10,Jack,109,Math104,Prof. Smith
30,Diana,113,CS103,Prof. Green
26,Zane,133,History107,Prof. Johnson
26,Zane,108,Biology101,Prof. Gray
