StudentID,StudentName,CourseID,CourseName,Instructor
3501,Hank Torres,123,Math117,Prof. White
2455,Vanessa Sullivan,1498,Math134,Prof. Green
397,Bianca Foster,1039,Math193,Prof. Johnson
4813,Alice Gonzalez,345,Math150,Prof. Davis
946,Philip Griffin,345,Math150,Prof. Davis
4945,George Hughes,3387,Math181,Prof. Wilson
5623,Hazel Bailey,3865,Math111,Prof. Gray
5548,Theo Gonzalez,3217,Math179,Prof. Miller
5415,Zoey Nelson,1820,Math122,Prof. Brown
4948,Nate Bailey,3044,Math163,Prof. Taylor
2733,Yvette Johnson,1484,Math194,Prof. White
4716,Valerie Cook,1950,Math139,Prof. Green
3032,Laura Reed,1289,Math154,Prof. Wilson
2886,Bella Long,1700,Math177,Prof. Williams
4343,Mark Garcia,3677,Math189,Prof. Smith
4389,Renee Thompson,1244,Math177,Prof. White
3621,Sam Price,2618,Math188,Prof. Green
4130,Paul Griffin,697,Math170,Prof. Jones
1116,Winston Miller,2873,Math182,Prof. Johnson
2067,Nathan Jones,670,Math174,Prof. Jones
1353,Omar Mitchell,1012,Math172,Prof. Wilson
6,Yosef Rodriguez,3157,Math113,Prof. Smith
3592,Felix Reyes,2547,Math180,Prof. Davis
3191,Dana Morgan,3073,Math129,Prof. Miller
4577,Frances Young,3167,Math159,Prof. Green
6723,George King,3946,Math127,Prof. Brown
3124,Dana Myers,3378,Math164,Prof. Smith
198,Gina Myers,2900,Math133,Prof. Gray
1720,Derek Howard,1863,Math153,Prof. Jones
3862,Ruby Ross,857,Math126,Prof. Johnson
5822,Harry Smith,2197,Math149,Prof. Davis
1404,Maddie Sullivan,1413,Math139,Prof. Williams
5721,Bryan Taylor,2203,Math110,Prof. Taylor
6047,Ximena Roberts,1885,Math151,Prof. Wilson
5754,Ulysses Baker,4337,Math161,Prof. Davis
6656,Irene Nelson,3224,Math170,Prof. Taylor
4654,Zelda Barnes,4411,Math111,Prof. Davis
316,Nancy Harris,738,Math173,Prof. Davis
6358,Olga Foster,766,Math195,Prof. Gray
4191,Ophelia Thomas,1940,Math108,Prof. Johnson
2060,George Rogers,543,Math195,Prof. Smith
2238,Dennis Perez,267,Math118,Prof. Miller
1118,Ian Lewis,2976,Math198,Prof. Taylor
1399,Charlie Davis,2273,Math139,Prof. Miller
4310,Dave Howard,4435,Math116,Prof. Williams
1056,Rita Turner,1094,Math149,Prof. Johnson
2097,Xena Cook,2302,Math134,Prof. Davis
2702,Bianca Jenkins,3703,Math153,Prof. Gray
3458,Uma Green,1289,Math154,Prof. Wilson
3452,Hank Hughes,3530,Math105,Prof. Davis
3701,Cindy Long,2830,Math136,Prof. Smith
6969,Nathan Harris,3103,Math113,Prof. Gray
1055,Nina Mitchell,1154,Math115,Prof. Davis
1979,Yvette Miller,267,Math118,Prof. Miller
4070,Tara Bell,3117,Math153,Prof. Smith
2382,Tina Ward,610,Math117,Prof. Wilson
3258,Harold Ward,4153,Math181,Prof. Miller
6655,Hazel Nelson,1674,Math104,Prof. Smith
5193,Winston Lee,2203,Math110,Prof. Taylor
1733,Fiona Allen,981,Math181,Prof. Taylor
6075,Sebastian Ward,1857,Math161,Prof. Gray
6952,Eve Wilson,4476,Math104,Prof. Johnson
333,Oscar Barnes,2714,Math120,Prof. Jones
1829,Uriel Jenkins,661,Math185,Prof. Green
1270,Leon Gonzalez,3167,Math159,Prof. Green
5707,Xander Henderson,4916,Math116,Prof. Wilson
1531,Winston Baker,4018,Math161,Prof. Miller
5472,Xena Ward,1654,Math155,Prof. Taylor
4134,Omar Turner,1584,Math133,Prof. Jones
249,Ian Robinson,1997,Math120,Prof. Wilson
5517,Charlie Fisher,2815,Math180,Prof. Miller
2365,Theo Ortiz,3207,Math165,Prof. Brown
2774,Nathan Wright,4022,Math178,Prof. Miller
5837,Julia Miller,2819,Math175,Prof. Wilson
4016,Monica Price,140,Math169,Prof. Wilson
3214,Katie Russell,1828,Math196,Prof. Gray
4294,Sebastian Fisher,1037,Math141,Prof. Smith
3357,Clara Martin,530,Math158,Prof. White
590,Rita Peterson,832,Math173,Prof. Wilson
804,Sebastian White,1470,Math193,Prof. Jones
6154,Theo Miller,2867,Math107,Prof. Green
560,Clara Morris,1323,Math160,Prof. Miller
1503,Patrick Allen,285,Math106,Prof. Johnson
4958,Valerie Clark,4170,Math172,Prof. White
2129,Jackie Lewis,2529,Math186,Prof. Smith
575,Simone Lewis,780,Math112,Prof. Williams
865,Uma Walker,2164,Math127,Prof. Davis
6268,Freddie Russell,4556,Math184,Prof. Wilson
5660,Jack Hall,716,Math106,Prof. Green
5391,Ruby Morris,1787,Math141,Prof. Taylor
436,Oscar White,1931,Math118,Prof. Brown
1584,Xander Anderson,1641,Math163,Prof. Wilson
4083,Vera Young,3010,Math135,Prof. Miller
2130,Gloria Reyes,3246,Math143,Prof. Wilson
6529,Katie Bailey,3574,Math189,Prof. Brown
198,Gina Myers,4490,Math108,Prof. Jones
6425,Leon Howard,3677,Math189,Prof. Smith
4535,Victor Carter,4632,Math169,Prof. Smith
1132,Freddie Green,515,Math148,Prof. Brown
4564,Steve Jenkins,2726,Math192,Prof. Taylor
549,Wendy Mitchell,3808,Math101,Prof. Wilson
6415,Caleb King,3112,Math160,Prof. Jones
4469,Ophelia Jenkins,1479,Math176,Prof. Smith
817,Uriel Ortiz,3259,Math145,Prof. Gray
1483,Jackie Gonzalez,4813,Math117,Prof. Jones
2325,Tim Cooper,1900,Math123,Prof. Williams
1854,Xander Peterson,345,Math150,Prof. Davis
6836,Quinn Ortiz,3826,Math192,Prof. Davis
6611,Julia Peterson,1334,Math180,Prof. Gray
1423,Gareth Rodriguez,796,Math125,Prof. Johnson
684,Laura Ross,1675,Math101,Prof. Brown
804,Sebastian White,1462,Math188,Prof. Williams
5884,Diana Gonzalez,4794,Math183,Prof. Green
481,Tracy Harris,1484,Math194,Prof. White
4796,Ivy Ortiz,1948,Math176,Prof. Brown
524,Victor Kelly,4791,Math161,Prof. Smith
117,Freddie Lewis,3219,Math189,Prof. Wilson
6249,Clara Jenkins,4344,Math184,Prof. White
2256,Elliot Peterson,2478,Math146,Prof. White
3754,Dana Davis,530,Math158,Prof. White
5809,Rachel Long,4963,Math176,Prof. White
4609,Monica Barnes,1170,Math161,Prof. Jones
4680,Jack Griffin,3492,Math179,Prof. White
2328,Tim King,4401,Math185,Prof. Johnson
1681,Liam Howard,2273,Math139,Prof. Miller
1064,Monica Ward,3068,Math189,Prof. Taylor
2101,Tracy Russell,4000,Math144,Prof. Davis
3189,Zelda Wright,4013,Math145,Prof. Miller
2716,Emma Taylor,1037,Math141,Prof. Smith
1664,Bob Green,2662,Math159,Prof. Davis
6804,Zane Griffin,651,Math104,Prof. Miller
1185,Xena Carter,2417,Math141,Prof. Jones
4070,Tara Bell,1239,Math168,Prof. Green
3005,Rachel Fisher,3384,Math183,Prof. Smith
4677,Aaron Long,1082,Math129,Prof. Gray
5197,Tara Myers,1060,Math120,Prof. Miller
4864,Karen Parker,3862,Math140,Prof. Davis
6514,Clara Mitchell,1340,Math156,Prof. Jones
2676,Wesley Green,1903,Math148,Prof. White
6245,Harry Howard,861,Math195,Prof. Taylor
6120,Uriah Perez,372,Math137,Prof. Wilson
4679,Quinn Griffin,2217,Math182,Prof. Gray
444,Rita Perry,4261,Math157,Prof. Gray
3219,Justin Reed,4482,Math147,Prof. Miller
2208,Carol Moore,372,Math137,Prof. Wilson
6167,Nina Gray,4560,Math135,Prof. White
6595,Nina Roberts,3582,Math131,Prof. Taylor
6775,Isaac Hall,3028,Math135,Prof. Williams
2050,Bella Fisher,4920,Math169,Prof. Davis
5334,Laura Parker,2787,Math149,Prof. Green
6667,Elena Clark,3646,Math113,Prof. Wilson
60,Winston Reyes,2726,Math192,Prof. Taylor
4068,Jack Johnson,2864,Math177,Prof. Gray
1176,Nathan Reed,543,Math195,Prof. Smith
2849,Isla Brown,2686,Math101,Prof. Green
3347,Quincy Turner,505,Math111,Prof. Taylor
5172,Tracy Bailey,3110,Math107,Prof. Wilson
906,Uma Ward,2869,Math117,Prof. Gray
5471,Eve Thomas,472,Math136,Prof. Green
89,Winston Smith,801,Math178,Prof. Wilson
394,Sam Campbell,3040,Math123,Prof. Jones
4805,Ethan Walker,2633,Math138,Prof. Gray
742,Bianca Cruz,3067,Math139,Prof. White
4266,Ian Jenkins,1515,Math130,Prof. Green
3774,Jack Griffin,331,Math171,Prof. Wilson
2992,Sophia Davis,2711,Math156,Prof. Green
5543,Lena Reyes,1810,Math124,Prof. Jones
4178,Alice Rogers,1477,Math134,Prof. Jones
5438,Liam Campbell,1293,Math176,Prof. Jones
3392,Ophelia King,2997,Math136,Prof. Johnson
416,Jasper Ward,1897,Math144,Prof. Johnson
1405,Elena Johnson,4812,Math126,Prof. Brown
6149,Yvonne Garcia,3735,Math147,Prof. Brown
4166,Sebastian Flores,1780,Math199,Prof. Taylor
551,Jackie Young,2743,Math110,Prof. Davis
477,Dana Thompson,2181,Math123,Prof. Miller
3094,Carol Garcia,2823,Math180,Prof. Green
6708,Winston Rogers,1239,Math168,Prof. Green
3589,Ximena Scott,3500,Math102,Prof. Davis
1853,Karen Jenkins,4361,Math122,Prof. White
4177,Maddie Rodriguez,2636,Math163,Prof. Williams
3092,Mia King,2837,Math173,Prof. Miller
839,Yvonne Walker,1104,Math183,Prof. Taylor
3167,Nina Hall,4799,Math137,Prof. Johnson
2768,Bob Turner,3432,Math185,Prof. Williams
2422,Ursula Wright,1970,Math148,Prof. Taylor
2262,Yvonne Ward,1537,Math179,Prof. Taylor
2829,Zoey Baker,303,Math155,Prof. Johnson
4711,Will Reed,1432,Math129,Prof. Taylor
948,Mia Green,1413,Math139,Prof. Williams
2855,Lukas Rodriguez,2637,Math178,Prof. Taylor
2912,Philip Harris,4971,Math117,Prof. Taylor
2338,Carol Ross,2743,Math110,Prof. Davis
1438,Sophia Fisher,385,Math130,Prof. Smith
5818,Justin Clark,1641,Math163,Prof. Wilson
4041,Theo Jones,2075,Math154,Prof. Williams
4446,Nate Martin,3468,Math113,Prof. Miller
6984,Laura Evans,3582,Math131,Prof. Taylor
2253,Derek Bailey,344,Math160,Prof. White
2395,Frances Wilson,3237,Math132,Prof. Wilson
6737,Fiona Rogers,973,Math138,Prof. Williams
5705,Olga Harris,1415,Math114,Prof. Wilson
4177,Maddie Rodriguez,4762,Math140,Prof. Wilson
6194,Paul Mitchell,1170,Math161,Prof. Jones
6436,Wyatt Jenkins,2372,Math132,Prof. White
6817,Sebastian Anderson,2837,Math173,Prof. Miller
5663,Ulysses Moore,4395,Math182,Prof. Davis
3784,Yvette Miller,1822,Math143,Prof. Gray
3972,Tara Allen,3555,Math151,Prof. Williams
1153,Vanessa Torres,2848,Math117,Prof. Johnson
1389,Frank Ross,633,Math103,Prof. Brown
32,Cindy Jenkins,865,Math122,Prof. Taylor
3351,Bob Myers,584,Math137,Prof. Taylor
1848,Nathan Mitchell,2662,Math159,Prof. Davis
371,Monica Torres,3739,Math114,Prof. Miller
6633,Harold Harris,566,Math139,Prof. Wilson
3201,Vanessa Ortiz,3098,Math195,Prof. Green
3543,Renee Gray,3492,Math179,Prof. White
4059,Kyle Moore,1397,Math155,Prof. Wilson
3085,Lena Turner,3130,Math173,Prof. Jones
3026,Rita Ward,4532,Math142,Prof. Davis
6626,Carol Evans,2431,Math137,Prof. Smith
6946,Tim Flores,3704,Math199,Prof. Green
3209,Lukas Brown,3142,Math168,Prof. Williams
5529,Milo Lewis,1863,Math153,Prof. Jones
3459,Xavier Rogers,3238,Math144,Prof. Smith
5179,Leon Robinson,4104,Math163,Prof. Smith
726,Maddie Torres,559,Math168,Prof. Wilson
6499,Rita Hall,2217,Math182,Prof. Gray
1257,Dave Mitchell,3515,Math103,Prof. Johnson
6286,Vince Williams,1470,Math193,Prof. Jones
324,Quinn Martinez,1777,Math119,Prof. Wilson
3319,Theo Bailey,4208,Math167,Prof. Johnson
6225,Isaac Thomas,764,Math178,Prof. Smith
3838,Julia Perry,4491,Math174,Prof. Wilson
5611,Yasmine Smith,4550,Math179,Prof. Brown
2876,Yara Ross,3995,Math162,Prof. Miller
1096,Uriah Peterson,575,Math195,Prof. Jones
3046,Alice Roberts,1703,Math143,Prof. Jones
2705,Bob Allen,4473,Math103,Prof. Smith
4896,Bob Williams,3968,Math136,Prof. Williams
1081,Leon Torres,1935,Math192,Prof. Miller
3768,Ethan Foster,3635,Math159,Prof. Smith
6280,Ophelia Campbell,3207,Math165,Prof. Brown
2959,Liam Green,2322,Math161,Prof. Wilson
5958,Sophia Cooper,2873,Math182,Prof. Johnson
1969,Kyle Hughes,992,Math129,Prof. Davis
3510,Frank Robinson,4037,Math160,Prof. Davis
936,Ximena Cruz,566,Math139,Prof. Wilson
3102,Victor Williams,2592,Math187,Prof. Miller
324,Quinn Martinez,4581,Math154,Prof. Jones
6155,Simone Foster,2334,Math135,Prof. Gray
5510,Patrick White,3468,Math113,Prof. Miller
6637,Paul Smith,4529,Math163,Prof. Green
6218,Simone Carter,859,Math103,Prof. White
1216,Sam Kelly,475,Math145,Prof. Johnson
3952,Tina Campbell,4496,Math170,Prof. Miller
5748,Yvonne Turner,3465,Math106,Prof. Gray
425,Renee Wright,4410,Math138,Prof. Jones
1102,Grace Griffin,1847,Math169,Prof. Green
2657,Gloria Gonzalez,1506,Math122,Prof. Miller
2177,Wyatt Roberts,442,Math122,Prof. Williams
1663,Diana Parker,1398,Math131,Prof. Smith
4858,Bob Thompson,1537,Math179,Prof. Taylor
811,Eve Russell,2462,Math131,Prof. Gray
6844,Xavier Hughes,3590,Math170,Prof. Gray
2373,Tim Robinson,1930,Math113,Prof. Jones
3720,Oscar Lewis,3169,Math184,Prof. Brown
2288,Rachel Jenkins,267,Math118,Prof. Miller
155,Jack Young,764,Math178,Prof. Smith
2923,Bob Campbell,2782,Math107,Prof. Miller
1522,Omar Barnes,621,Math198,Prof. Jones
4957,Rachel Russell,1586,Math165,Prof. Smith
4123,Grace Thompson,341,Math167,Prof. Gray
2702,Bianca Jenkins,2636,Math163,Prof. Williams
84,Alice Flores,2969,Math126,Prof. Green
4884,Mark Taylor,2437,Math183,Prof. Davis
5233,Quinn Nelson,1777,Math119,Prof. Wilson
13,Aaron Bell,733,Math152,Prof. White
767,Frances Green,3468,Math113,Prof. Miller
6415,Caleb King,989,Math158,Prof. Miller
2473,Tim Henderson,456,Math135,Prof. Brown
450,Hazel Miller,3468,Math113,Prof. Miller
6271,Ivy Campbell,718,Math170,Prof. Wilson
3811,Omar Cruz,3189,Math160,Prof. Brown
4980,Nina Brown,2984,Math124,Prof. Green
5260,Bianca Reed,331,Math171,Prof. Wilson
3172,Renee Cruz,1948,Math176,Prof. Brown
6234,Vera Coleman,3362,Math150,Prof. Johnson
6872,Tara Scott,224,Math119,Prof. Johnson
2855,Lukas Rodriguez,1725,Math186,Prof. Gray
1426,Julia Hall,1352,Math157,Prof. Jones
1992,Rose Perez,3279,Math102,Prof. Taylor
4511,Carol Campbell,1756,Math188,Prof. Wilson
5221,Xavier Moore,883,Math140,Prof. Miller
5226,Alice Miller,979,Math162,Prof. Smith
3415,Wyatt Perry,2500,Math127,Prof. Williams
6163,Wendy Russell,2323,Math113,Prof. Brown
5896,Harry Cruz,2181,Math123,Prof. Miller
2177,Wyatt Roberts,527,Math111,Prof. Miller
221,Ursula Garcia,1413,Math139,Prof. Williams
3678,Clara Russell,1368,Math194,Prof. Jones
3105,Harry Reyes,3736,Math186,Prof. Taylor
3449,Maddie Davis,2004,Math137,Prof. Brown
6121,Dennis Torres,3362,Math150,Prof. Johnson
4352,Tina Parker,3010,Math135,Prof. Miller
18,Zack Ortiz,4794,Math183,Prof. Green
374,Renee Taylor,2406,Math146,Prof. Smith
6298,Isaac Young,2015,Math154,Prof. Miller
1932,Uriel Perez,2261,Math170,Prof. Smith
5508,Olivia Adams,925,Math171,Prof. Miller
268,Monica Roberts,475,Math145,Prof. Johnson
589,Irene Jackson,2075,Math154,Prof. Williams
3375,Will Jenkins,396,Math155,Prof. Davis
1938,Bella Davis,2273,Math139,Prof. Miller
6771,Maddie Nelson,3998,Math145,Prof. Brown
6225,Isaac Thomas,2953,Math105,Prof. Wilson
5836,Milo Peterson,331,Math171,Prof. Wilson
1466,Winston Moore,4053,Math197,Prof. Johnson
6207,Zoey Sullivan,3540,Math123,Prof. Green
133,Zane Foster,809,Math106,Prof. Taylor
287,Frank Fisher,4193,Math151,Prof. Green
384,Rachel Garcia,4492,Math186,Prof. Brown
3882,Freddie Bailey,303,Math155,Prof. Johnson
1197,Tina Morgan,1556,Math114,Prof. White
2794,Olga Ortiz,1630,Math188,Prof. Miller
6775,Isaac Hall,2258,Math145,Prof. Green
6688,Nancy Martin,3453,Math136,Prof. Davis
3734,Dave Russell,4357,Math175,Prof. Johnson
4473,Laura Rogers,2093,Math112,Prof. Smith
3698,Clara Kelly,3649,Math195,Prof. Brown
2752,Adrian Cruz,4957,Math122,Prof. Gray
5815,Katie Henderson,3674,Math160,Prof. Wilson
3461,Alice Price,4496,Math170,Prof. Miller
5248,Hank Kelly,3777,Math187,Prof. Williams
4570,Philip Baker,4844,Math123,Prof. Davis
3304,Ximena Perez,3933,Math188,Prof. Smith
6417,Yasmine Martin,3127,Math162,Prof. Brown
5259,Gloria Smith,2818,Math121,Prof. Taylor
1096,Uriah Peterson,4670,Math183,Prof. Wilson
2905,Ian Lee,1978,Math131,Prof. Williams
5286,Milo Gray,3459,Math191,Prof. Miller
2406,Lukas Coleman,3677,Math189,Prof. Smith
1459,Grace Baker,2549,Math161,Prof. Taylor
6905,Tara Barnes,4678,Math127,Prof. Johnson
4335,Valerie Garcia,3549,Math190,Prof. Taylor
6919,Oscar Russell,402,Math173,Prof. Taylor
6971,Eve Cruz,809,Math106,Prof. Taylor
3215,Penny Anderson,472,Math136,Prof. Green
2289,Olivia Green,3002,Math123,Prof. Johnson
3171,Quinn Rodriguez,545,Math173,Prof. Gray
6533,Adrian Griffin,1485,Math180,Prof. Smith
5525,Yvette Bell,198,Math102,Prof. Williams
4834,Wesley Rogers,4360,Math108,Prof. Wilson
769,Quinn White,3991,Math118,Prof. Smith
369,Jack Howard,4370,Math116,Prof. Green
5536,Dennis Harris,543,Math195,Prof. Smith
5416,Mark Kelly,3282,Math133,Prof. Davis
5299,Felix White,2564,Math105,Prof. Miller
837,Ian Parker,396,Math155,Prof. Davis
259,Xander Jackson,135,Math186,Prof. White
6044,George Price,3933,Math188,Prof. Smith
5033,Vince Adams,948,Math138,Prof. Davis
1692,Derek Cooper,123,Math117,Prof. White
4041,Theo Jones,2441,Math128,Prof. Miller
5057,Peter Hughes,3623,Math158,Prof. Davis
1269,Justin Turner,4278,Math180,Prof. White
4968,Lena Price,4588,Math189,Prof. Jones
3354,Olivia Martinez,3047,Math190,Prof. Wilson
4070,Tara Bell,853,Math166,Prof. Davis
699,Alice Hall,2217,Math182,Prof. Gray
1124,Cindy Anderson,1347,Math116,Prof. Miller
5396,Ulysses Scott,3691,Math126,Prof. Miller
5050,Zoey Robinson,554,Math148,Prof. Williams
3017,Quincy Reyes,1847,Math169,Prof. Green
4259,Quincy Coleman,3098,Math195,Prof. Green
5946,Yasmine Clark,4670,Math183,Prof. Wilson
2122,Isaac Parker,1415,Math114,Prof. Wilson
5967,Frank Lewis,1731,Math154,Prof. Brown
4645,Kieran Peterson,3195,Math116,Prof. Smith
4338,Tara Robinson,2738,Math189,Prof. Miller
1466,Winston Moore,3327,Math157,Prof. Brown
5317,Fiona Campbell,2235,Math194,Prof. Gray
5355,Julia Jackson,3545,Math133,Prof. White
5229,Noah Walker,3515,Math103,Prof. Johnson
1624,Lena Ross,4056,Math170,Prof. Williams
1153,Vanessa Torres,2879,Math162,Prof. White
2266,Milo Peterson,3831,Math168,Prof. Johnson
578,Laura Anderson,429,Math147,Prof. Jones
2104,Gina Martin,2325,Math146,Prof. Gray
6874,Rose Allen,4735,Math162,Prof. Wilson
1316,Gareth Jenkins,4245,Math186,Prof. Jones
2969,Yvonne Martinez,3979,Math150,Prof. White
4733,Bianca Anderson,3112,Math160,Prof. Jones
2296,Mia Ward,1968,Math118,Prof. Davis
875,Penny Moore,3680,Math137,Prof. Williams
5105,Steve Martin,3671,Math128,Prof. White
4426,Liam Clark,1949,Math192,Prof. Smith
3543,Renee Gray,4026,Math149,Prof. Miller
6259,Uriah Mitchell,1735,Math198,Prof. Gray
5045,Renee Ward,4727,Math177,Prof. Green
1967,Bob Sullivan,1866,Math121,Prof. Miller
3897,Sebastian Harris,1471,Math140,Prof. Williams
3320,Frances Harris,2168,Math162,Prof. Jones
4039,Quinn Sanders,1303,Math198,Prof. Brown
886,Kyle Russell,2203,Math110,Prof. Taylor
5500,Lena Martinez,230,Math117,Prof. Smith
6733,Noah Evans,2869,Math117,Prof. Gray
2682,George Garcia,1998,Math136,Prof. Miller
3388,Alice Allen,1545,Math124,Prof. Williams
2521,Jasper Morris,4259,Math190,Prof. White
5750,Yvonne Jenkins,4440,Math133,Prof. Brown
2562,Jack Flores,3152,Math168,Prof. Jones
2225,Vince Johnson,3622,Math144,Prof. Gray
4119,Justin Flores,3847,Math132,Prof. Davis
4211,Noah Roberts,2175,Math166,Prof. White
5049,Zack Mitchell,1814,Math132,Prof. Brown
1341,Ophelia Martinez,4677,Math113,Prof. Johnson
22,Lukas Flores,4092,Math189,Prof. Johnson
4336,Helen Garcia,3378,Math164,Prof. Smith
4581,Oscar Jenkins,3005,Math165,Prof. Williams
296,Kyle Mitchell,4575,Math127,Prof. Green
3222,Diana Ortiz,2274,Math134,Prof. Williams
5342,Harry Roberts,2364,Math177,Prof. Brown
1614,Rose Jones,4843,Math164,Prof. Williams
6378,Wesley Torres,751,Math198,Prof. White
630,Kieran Adams,1835,Math154,Prof. Smith
2535,Dave Russell,3149,Math172,Prof. Jones
6945,Bianca Reyes,3377,Math194,Prof. Green
1936,Julia Lee,1457,Math198,Prof. Miller
1559,Rachel Cook,2800,Math166,Prof. Williams
1900,Wyatt Nelson,718,Math170,Prof. Wilson
6486,Ivy Cook,153,Math114,Prof. Smith
6413,Vince Ross,983,Math191,Prof. Gray
3609,Grace King,4396,Math167,Prof. Williams
2093,Derek Kelly,2878,Math190,Prof. Green
4729,Quincy Kelly,1866,Math121,Prof. Miller
4174,Omar Morgan,4586,Math151,Prof. Miller
2167,Isaac Wilson,2749,Math185,Prof. Miller
3714,Helen Bailey,383,Math136,Prof. Jones
4030,Vera Bell,326,Math138,Prof. Smith
4026,Bianca Myers,456,Math135,Prof. Brown
1016,Milo Ortiz,1735,Math198,Prof. Gray
1532,Adrian Smith,1812,Math153,Prof. White
2742,Patrick Fisher,153,Math114,Prof. Smith
3212,Kieran Sullivan,2600,Math177,Prof. Taylor
3839,Emma Jackson,2157,Math105,Prof. Williams
1374,Grace Jones,773,Math169,Prof. Gray
1454,Tracy Campbell,153,Math114,Prof. Smith
3988,Karen Reyes,4699,Math119,Prof. Jones
1616,Charlie Rodriguez,2895,Math139,Prof. Davis
1908,Hazel Barnes,1352,Math157,Prof. Jones
4881,Kimberly Allen,284,Math156,Prof. Davis
6642,Harold Jenkins,3135,Math167,Prof. Smith
1920,Rita Parker,4261,Math157,Prof. Gray
6137,Fiona Adams,150,Math187,Prof. Brown
955,Zane Miller,1372,Math158,Prof. Smith
778,Valerie Rogers,3671,Math128,Prof. White
929,Jackie Hughes,1817,Math150,Prof. Gray
1502,Yvette Powell,3769,Math116,Prof. Brown
2341,Olivia Robinson,2879,Math162,Prof. White
5849,Kimberly Thompson,579,Math116,Prof. Johnson
4936,Xena Anderson,4635,Math179,Prof. Smith
4049,Yara Gonzalez,2340,Math184,Prof. Smith
4253,Sophia Green,1094,Math149,Prof. Johnson
3332,Kyle Torres,3403,Math120,Prof. Smith
5649,Harold Long,3465,Math106,Prof. Gray
2767,Karen Ross,3968,Math136,Prof. Williams
6832,Uriel Fisher,677,Math149,Prof. Jones
4250,Tracy Harris,1970,Math148,Prof. Taylor
851,Zane Russell,1087,Math153,Prof. Williams
6390,Zoe Robinson,3521,Math161,Prof. Johnson
3527,Bella Parker,2438,Math187,Prof. Smith
6478,Omar Gonzalez,3808,Math101,Prof. Wilson
1619,Zoe Foster,1361,Math157,Prof. Miller
3588,Peter Long,926,Math191,Prof. Wilson
2424,Winston Carter,4335,Math176,Prof. Johnson
2610,Clara Morris,545,Math173,Prof. Gray
6939,Laura Harris,2420,Math196,Prof. Wilson
4079,Valerie Walker,2244,Math197,Prof. Davis
125,Gina Torres,4490,Math108,Prof. Jones
4272,Milo White,3238,Math144,Prof. Smith
3679,Renee Davis,1791,Math191,Prof. Smith
6519,George Russell,3622,Math144,Prof. Gray
6072,Harry Evans,3079,Math188,Prof. White
3343,Tim Adams,1151,Math166,Prof. Jones
2345,Kimberly Rodriguez,610,Math117,Prof. Wilson
377,Karen Torres,1865,Math139,Prof. Jones
1275,Yara Martin,1970,Math148,Prof. Taylor
2648,Katie Powell,3546,Math127,Prof. Taylor
4142,Carol Griffin,4850,Math139,Prof. Brown
4574,Steve Powell,3809,Math102,Prof. Brown
4638,Freddie Nelson,3078,Math199,Prof. Smith
5309,Wyatt Scott,424,Math143,Prof. Davis
3761,Lukas Perez,3157,Math113,Prof. Smith
5408,Zoe Nelson,326,Math138,Prof. Smith
3831,Sebastian Howard,3260,Math103,Prof. Gray
1007,Leon Moore,2695,Math157,Prof. Davis
5757,Rose Perry,3068,Math189,Prof. Taylor
4861,Tim Gray,1641,Math163,Prof. Wilson
5312,Dana Hughes,3044,Math163,Prof. Taylor
1936,Julia Lee,3698,Math112,Prof. Jones
4802,Nathan Sullivan,1674,Math104,Prof. Smith
1306,Yvette Walker,267,Math118,Prof. Miller
633,Penny Thomas,2709,Math180,Prof. Williams
6401,Omar White,796,Math125,Prof. Johnson
1481,Yasmine Price,1013,Math120,Prof. Brown
5672,Adrian Coleman,1502,Math183,Prof. Gray
1643,Zoey Jackson,1735,Math198,Prof. Gray
689,Sebastian Hall,3474,Math197,Prof. White
6119,Nathan Price,4016,Math165,Prof. Gray
6794,Rose Jackson,864,Math148,Prof. Gray
1169,Lukas Gonzalez,799,Math150,Prof. Brown
3010,Ximena Jenkins,1115,Math115,Prof. Jones
1665,Wyatt Hughes,1582,Math176,Prof. Taylor
639,Katie Rogers,973,Math138,Prof. Williams
1439,Zoey Morgan,1115,Math115,Prof. Jones
4001,Sam Jackson,926,Math191,Prof. Wilson
5849,Kimberly Thompson,1978,Math131,Prof. Williams
5914,Valerie Allen,400,Math141,Prof. Johnson
3211,Dave Allen,771,Math141,Prof. White
3684,Sophia Davis,1303,Math198,Prof. Brown
5490,Bella Russell,331,Math171,Prof. Wilson
82,Wesley Torres,527,Math111,Prof. Miller
2413,Bella Green,345,Math150,Prof. Davis
2527,Theo Sanders,3857,Math101,Prof. Smith
2381,Gina Bailey,4744,Math166,Prof. Gray
3531,Freddie Scott,4958,Math175,Prof. Gray
5088,Valerie Hall,2238,Math126,Prof. Jones
475,Kyle Russell,4380,Math185,Prof. Davis
1119,Aaron Mitchell,3545,Math133,Prof. White
1883,Liam Ross,1943,Math115,Prof. Wilson
3359,Harry Gray,1666,Math162,Prof. Williams
4392,Xavier Ward,979,Math162,Prof. Smith
4016,Monica Price,2258,Math145,Prof. Green
1661,Liam Ross,2438,Math187,Prof. Smith
312,Patrick Parker,1865,Math139,Prof. Jones
2041,Bella Parker,3142,Math168,Prof. Williams
73,Tracy Bell,2636,Math163,Prof. Williams
1467,Leon White,2561,Math150,Prof. Taylor
6629,Isaac Taylor,3272,Math115,Prof. White
6246,Derek Green,3538,Math199,Prof. Davis
3300,Penny Martinez,1586,Math165,Prof. Smith
1649,Gina Flores,1343,Math159,Prof. Brown
1344,Winston Foster,2564,Math105,Prof. Miller
4540,Nancy Parker,2782,Math107,Prof. Miller
3438,Rita Lee,3297,Math172,Prof. Brown
3413,Yvonne Robinson,382,Math144,Prof. Green
3828,Penny Young,427,Math109,Prof. Williams
3801,Tim Reed,4053,Math197,Prof. Johnson
6148,Nate Reed,4389,Math104,Prof. Davis
4002,Dave Reyes,382,Math144,Prof. Green
3751,Will Taylor,1931,Math118,Prof. Brown
553,Tina White,1759,Math121,Prof. White
5696,Bryan Evans,1931,Math118,Prof. Brown
614,Tina Evans,2662,Math159,Prof. Davis
2732,Karen Howard,2654,Math171,Prof. Johnson
4673,Bryan Lee,2088,Math189,Prof. Green
5129,Yara Williams,1812,Math153,Prof. White
825,Karen Reed,303,Math155,Prof. Johnson
1919,Xena Robinson,315,Math196,Prof. Taylor
3226,Olivia Ortiz,218,Math197,Prof. Williams
4797,Renee Price,1847,Math169,Prof. Green
5771,Nina Sanders,4555,Math193,Prof. Miller
1473,Quinn Ross,3095,Math173,Prof. Brown
5846,Yvette Reed,2419,Math171,Prof. Jones
6845,Olivia Myers,302,Math148,Prof. Johnson
1245,Dana Turner,2973,Math129,Prof. Williams
4778,Uma Lewis,3292,Math143,Prof. Brown
3288,Yasmine Nelson,596,Math176,Prof. Miller
6472,Jack Perry,2821,Math157,Prof. Johnson
5900,Diana Johnson,2876,Math140,Prof. Green
4962,Jasper Russell,4308,Math185,Prof. White
1894,Philip Williams,3130,Math173,Prof. Jones
3839,Emma Jackson,3459,Math191,Prof. Miller
3473,Peter Garcia,908,Math184,Prof. Davis
5578,Rose Williams,1457,Math198,Prof. Miller
4371,Elena Thomas,3486,Math154,Prof. Gray
2608,Philip Bailey,123,Math117,Prof. White
5933,Simone Bell,1137,Math115,Prof. Gray
4815,Wesley White,2361,Math128,Prof. Green
5339,Dave Mitchell,286,Math155,Prof. Gray
2062,Carol Davis,1673,Math150,Prof. Jones
3844,Eve White,864,Math148,Prof. Gray
5126,Jasper Powell,3958,Math114,Prof. Green
4561,Gina Thompson,859,Math103,Prof. White
4550,Adrian Bell,3760,Math130,Prof. White
6656,Irene Nelson,2023,Math142,Prof. Williams
4577,Frances Young,3747,Math120,Prof. Gray
4897,Rita Robinson,3578,Math117,Prof. Davis
742,Bianca Cruz,4156,Math103,Prof. Davis
5325,Harry Reed,4531,Math185,Prof. Wilson
6313,Nathan Martinez,1713,Math156,Prof. White
3737,Vanessa Allen,3590,Math170,Prof. Gray
2280,Frances Flores,2268,Math145,Prof. Williams
5172,Tracy Bailey,2681,Math184,Prof. Williams
6630,Emma Kelly,3259,Math145,Prof. Gray
3627,Mark Perez,3065,Math104,Prof. Gray
2205,Wyatt Mitchell,1415,Math114,Prof. Wilson
981,Oscar Evans,4033,Math133,Prof. Johnson
6216,Uriel Myers,773,Math169,Prof. Gray
5387,Eve Taylor,1111,Math139,Prof. Gray
3296,Monica Parker,3546,Math127,Prof. Taylor
6468,Alice Carter,4289,Math110,Prof. Green
927,Tara Peterson,809,Math106,Prof. Taylor
4873,Leon Hughes,2585,Math157,Prof. White
5060,Uriah Jenkins,1454,Math198,Prof. Green
1824,Yasmine Price,4926,Math171,Prof. Green
496,Dana Lewis,2293,Math144,Prof. Brown
6451,Oscar Perry,2426,Math192,Prof. Green
3594,Laura Bailey,685,Math121,Prof. Smith
4744,Xavier Taylor,4838,Math115,Prof. Taylor
855,Hazel Mitchell,868,Math171,Prof. Williams
4334,Kyle Morgan,2023,Math142,Prof. Williams
259,Xander Jackson,3970,Math130,Prof. Davis
1433,Kyle Morris,4668,Math156,Prof. Smith
3392,Ophelia King,1485,Math180,Prof. Smith
6688,Nancy Martin,446,Math112,Prof. Johnson
1900,Wyatt Nelson,3399,Math116,Prof. Davis
6668,Isla Howard,4417,Math147,Prof. Smith
6063,Hazel White,780,Math112,Prof. Williams
2044,Paul Morris,1457,Math198,Prof. Miller
1128,Rose Ortiz,429,Math147,Prof. Jones
1479,Derek Coleman,4822,Math159,Prof. White
3976,Emma Reed,3789,Math192,Prof. Williams
2768,Bob Turner,3244,Math107,Prof. Brown
4006,Derek Thomas,1470,Math193,Prof. Jones
5514,Will Morris,1113,Math101,Prof. White
2675,Kieran Cooper,919,Math181,Prof. Williams
1229,Paul Smith,3998,Math145,Prof. Brown
4312,Bryan Sanders,3327,Math157,Prof. Brown
789,Irene Morris,2610,Math191,Prof. Williams
4861,Tim Gray,4143,Math146,Prof. Green
3131,Uma Price,200,Math125,Prof. Smith
6205,Yvonne Smith,1634,Math149,Prof. Williams
5166,Leon Coleman,945,Math107,Prof. Taylor
3698,Clara Kelly,2359,Math168,Prof. Miller
281,Harold Morgan,2018,Math195,Prof. Davis
1013,Wesley Price,1725,Math186,Prof. Gray
1190,Yasmine Robinson,2085,Math124,Prof. Brown
3433,Tina Jenkins,1537,Math179,Prof. Taylor
5923,Ximena Campbell,3735,Math147,Prof. Brown
1954,Renee Miller,3152,Math168,Prof. Jones
4820,Ethan Thompson,3277,Math156,Prof. Williams
4181,Alice Evans,1899,Math118,Prof. Jones
6451,Oscar Perry,326,Math138,Prof. Smith
3505,Frances Gray,530,Math158,Prof. White
4160,Peter Sanders,1940,Math108,Prof. Johnson
406,Mark Lewis,2358,Math181,Prof. Jones
3130,Bella Walker,853,Math166,Prof. Davis
1869,Katie Moore,2666,Math176,Prof. Davis
6980,Penny Foster,3436,Math166,Prof. Wilson
1857,Ivy Cruz,2015,Math154,Prof. Miller
4176,Paul Gray,4184,Math181,Prof. Gray
5816,Irene Cruz,1817,Math150,Prof. Gray
6590,Oscar Walker,1369,Math114,Prof. Taylor
2840,Helen Hughes,3438,Math114,Prof. Johnson
2370,Lukas Long,3225,Math159,Prof. Miller
5989,Nathan Price,3216,Math182,Prof. Jones
4437,Bella Hall,400,Math141,Prof. Johnson
5904,Alice Wilson,3432,Math185,Prof. Williams
987,Ivy Williams,4693,Math182,Prof. White
1398,Charlie Gray,1350,Math199,Prof. Williams
1747,Aaron White,2398,Math190,Prof. Miller
832,Cindy Myers,1303,Math198,Prof. Brown
1311,Ophelia Cruz,4324,Math119,Prof. Gray
1574,Wesley Harris,315,Math196,Prof. Taylor
1234,Ian Hughes,1361,Math157,Prof. Miller
1967,Bob Sullivan,2525,Math179,Prof. Williams
6375,Tracy Wright,1082,Math129,Prof. Gray
6280,Ophelia Campbell,753,Math192,Prof. Jones
6111,Grace King,4024,Math193,Prof. Brown
5133,Uma Cruz,515,Math148,Prof. Brown
3764,Harold Lewis,3545,Math133,Prof. White
4846,Vince Sullivan,1158,Math124,Prof. Davis
3949,Harold Ward,2956,Math115,Prof. Miller
4870,Monica Brown,543,Math195,Prof. Smith
5776,Jasper Morgan,1024,Math155,Prof. Jones
424,Zoe Hall,4832,Math164,Prof. Green
2769,Jasper Thomas,1828,Math196,Prof. Gray
992,Jackie Morris,1097,Math103,Prof. Miller
2517,Dennis Perez,1087,Math153,Prof. Williams
5983,Fiona Henderson,4795,Math121,Prof. Johnson
3357,Clara Martin,2881,Math125,Prof. Williams
3436,Yasmine Jackson,4697,Math122,Prof. Davis
2437,Tim Carter,857,Math126,Prof. Johnson
102,Leon Barnes,1673,Math150,Prof. Jones
6901,Vera Cook,4632,Math169,Prof. Smith
3057,Gina Harris,925,Math171,Prof. Miller
2228,Dana Scott,2903,Math179,Prof. Jones
2465,Renee Morris,4321,Math153,Prof. Taylor
6747,Bella Cooper,3049,Math150,Prof. Smith
5493,Fiona Coleman,1835,Math154,Prof. Smith
778,Valerie Rogers,1135,Math122,Prof. Wilson
144,Uriah Martinez,4356,Math169,Prof. Jones
2509,Noah Young,518,Math102,Prof. Smith
5421,Tina Cruz,2456,Math135,Prof. Johnson
5281,Justin Foster,2437,Math183,Prof. Davis
1516,Ruby Perez,2292,Math105,Prof. Gray
2709,Tina King,4692,Math151,Prof. Taylor
3541,Paul Young,2092,Math107,Prof. Jones
4114,Freddie Green,2920,Math177,Prof. Johnson
6282,Ursula Ross,3998,Math145,Prof. Brown
513,Yvonne Sanders,4480,Math114,Prof. Davis
3216,Sam Walker,1759,Math121,Prof. White
3313,Nancy White,1094,Math149,Prof. Johnson
1367,Nancy Coleman,3808,Math101,Prof. Wilson
6260,Clara Gray,770,Math144,Prof. Taylor
3692,Quincy Fisher,1346,Math140,Prof. Brown
1276,Bob Miller,2823,Math180,Prof. Green
2363,Xena Jackson,2138,Math149,Prof. Gray
1487,Tim Carter,427,Math109,Prof. Williams
2986,Uriah Adams,204,Math111,Prof. Jones
5795,Mark Reed,446,Math112,Prof. Johnson
771,Laura Young,4933,Math194,Prof. Johnson
4498,Bella Evans,4543,Math106,Prof. Williams
5732,Dana Jones,3642,Math143,Prof. Smith
5339,Dave Mitchell,4476,Math104,Prof. Johnson
2035,Noah Williams,433,Math163,Prof. Brown
5836,Milo Peterson,3462,Math113,Prof. White
2402,Ximena Williams,3974,Math129,Prof. Brown
4478,Mia Flores,2529,Math186,Prof. Smith
6033,Caleb Wright,2428,Math104,Prof. Green
3694,Helen Thomas,1368,Math194,Prof. Jones
6082,Diana Reed,4870,Math141,Prof. Wilson
4205,Tim Perez,3595,Math133,Prof. Green
6184,Xander Morgan,723,Math131,Prof. Jones
2483,Harold Robinson,1512,Math175,Prof. Miller
1361,Paul Lewis,2848,Math117,Prof. Johnson
5313,Isaac Bailey,575,Math195,Prof. Jones
4651,Peter Myers,2585,Math157,Prof. White
3096,Zane Torres,1343,Math159,Prof. Brown
1900,Wyatt Nelson,4270,Math193,Prof. Green
6390,Zoe Robinson,3455,Math148,Prof. Wilson
3700,Xavier Parker,3996,Math190,Prof. Jones
5511,Elliot Johnson,1082,Math129,Prof. Gray
4543,Vanessa Perez,2815,Math180,Prof. Miller
2410,Gina Price,4899,Math195,Prof. White
1756,Penny Perez,2287,Math125,Prof. Wilson
4005,Kyle Gray,4491,Math174,Prof. Wilson
72,Vera Powell,3671,Math128,Prof. White
4683,Cindy Adams,3058,Math101,Prof. Miller
2914,Dennis Cook,2878,Math190,Prof. Green
4088,Yosef Flores,4044,Math126,Prof. White
724,Patrick Perez,733,Math152,Prof. White
4669,Patrick Davis,2023,Math142,Prof. Williams
5443,Ethan Reed,295,Math142,Prof. Miller
2049,Helen Flores,4198,Math165,Prof. Green
4700,Hazel Foster,1707,Math196,Prof. Davis
3956,Gareth Russell,3824,Math129,Prof. Smith
6806,Lena Hughes,677,Math149,Prof. Jones
4904,Alice Evans,809,Math106,Prof. Taylor
6027,Yara Cooper,3963,Math113,Prof. Taylor
1211,Milo Scott,3847,Math132,Prof. Davis
552,Patrick Thomas,1171,Math167,Prof. Wilson
6964,Quincy Jones,1822,Math143,Prof. Gray
187,Irene Perry,3506,Math174,Prof. Taylor
6889,Bob Jones,284,Math156,Prof. Davis
22,Lukas Flores,979,Math162,Prof. Smith
1449,Irene Kelly,2592,Math187,Prof. Miller
2551,Frank Thompson,801,Math178,Prof. Wilson
3624,Ximena Ward,303,Math155,Prof. Johnson
2803,Maddie Ross,3377,Math194,Prof. Green
5291,Xander Smith,2210,Math171,Prof. Gray
4445,Carol Foster,2197,Math149,Prof. Davis
5078,Leon Jackson,643,Math189,Prof. White
4905,Freddie Ross,853,Math166,Prof. Davis
3321,Kyle Hughes,1872,Math140,Prof. White
4852,Olga Cooper,2782,Math107,Prof. Miller
6826,Nathan Henderson,3225,Math159,Prof. Miller
4315,Zane Cruz,780,Math112,Prof. Williams
2098,Penny Scott,3005,Math165,Prof. Williams
6967,Charlie Baker,862,Math105,Prof. Johnson
4820,Ethan Thompson,559,Math168,Prof. Wilson
739,Vanessa Price,3688,Math124,Prof. Gray
4789,Ursula Rogers,549,Math179,Prof. Johnson
3354,Olivia Martinez,2888,Math163,Prof. Gray
2555,Sophia Morris,1368,Math194,Prof. Jones
1640,Grace Jenkins,2092,Math107,Prof. Jones
437,Vince King,883,Math140,Prof. Miller
2688,Emma Roberts,4372,Math182,Prof. Green
5870,Jack Morgan,670,Math174,Prof. Jones
2238,Dennis Perez,1350,Math199,Prof. Williams
6311,Caleb Sullivan,780,Math112,Prof. Williams
1087,Kieran Rogers,1013,Math120,Prof. Brown
6309,Zoe Lee,741,Math108,Prof. Williams
5282,Steve Thompson,4815,Math112,Prof. Miller
5398,Oscar Moore,4962,Math150,Prof. Miller
6175,Karen Hughes,4918,Math179,Prof. Davis
6999,Sophia Coleman,702,Math167,Prof. Davis
6678,Katie Adams,3837,Math106,Prof. Wilson
1534,Zoey Martin,4966,Math118,Prof. Green
997,Bella Powell,302,Math148,Prof. Johnson
1165,Milo Martinez,1409,Math163,Prof. Miller
6451,Oscar Perry,1677,Math125,Prof. Brown
5799,Dave Powell,4151,Math168,Prof. Brown
1793,Olga Young,4930,Math155,Prof. White
2868,Zack Morgan,4992,Math181,Prof. Davis
1388,Tracy Robinson,2287,Math125,Prof. Wilson
3892,Bianca Thomas,2274,Math134,Prof. Williams
1863,Valerie Clark,2709,Math180,Prof. Williams
3901,Ruby Green,2500,Math127,Prof. Williams
4060,Maddie Wilson,1586,Math165,Prof. Smith
5483,Ximena Lee,2988,Math102,Prof. Johnson
4210,Caleb Cooper,1406,Math142,Prof. Johnson
4507,Emma Barnes,3005,Math165,Prof. Williams
3353,Will Hughes,2418,Math110,Prof. Brown
3364,Rose Wright,4040,Math151,Prof. Jones
5181,Maddie Adams,2726,Math192,Prof. Taylor
5984,Yvonne Harris,2997,Math136,Prof. Johnson
6011,Milo Brown,4631,Math155,Prof. Williams
4737,Carol Myers,4806,Math198,Prof. Davis
1266,Oscar Martin,1415,Math114,Prof. Wilson
892,Isaac Long,773,Math169,Prof. Gray
6768,Patrick White,1315,Math149,Prof. Brown
6330,George Green,1700,Math177,Prof. Williams
2996,Uriah Harris,4220,Math148,Prof. Jones
5577,Leon Taylor,4502,Math130,Prof. Gray
6052,Ian Gonzalez,2823,Math180,Prof. Green
530,Derek Perez,1140,Math174,Prof. Johnson
6443,Maddie Morgan,593,Math138,Prof. White
974,Yvonne Foster,2118,Math137,Prof. Gray
5560,Gloria Foster,4658,Math108,Prof. Smith
4018,Gareth Baker,200,Math125,Prof. Smith
6525,Carol Jenkins,771,Math141,Prof. White
4055,Jackie Jones,3766,Math159,Prof. Wilson
120,Bob Anderson,1817,Math150,Prof. Gray
2887,Clara Torres,3617,Math128,Prof. Williams
3978,Valerie Turner,1158,Math124,Prof. Davis
6088,Leon Perez,2654,Math171,Prof. Johnson
5063,Xander Carter,1908,Math141,Prof. Gray
620,Tina Thompson,1700,Math177,Prof. Williams
5946,Yasmine Clark,2361,Math128,Prof. Green
4320,Hazel Rodriguez,207,Math166,Prof. Smith
5829,Vince Robinson,3769,Math116,Prof. Brown
5726,Lena Thompson,1885,Math151,Prof. Wilson
115,Quincy Clark,789,Math135,Prof. Wilson
5469,Ruby Gray,757,Math160,Prof. Green
2178,Rita Flores,266,Math112,Prof. Davis
6210,Penny Parker,382,Math144,Prof. Green
1753,Will Wilson,1454,Math198,Prof. Green
3773,Harold Wilson,1622,Math174,Prof. Gray
1083,Fiona Martinez,4271,Math154,Prof. White
3679,Renee Davis,1084,Math145,Prof. White
3451,Gloria Morgan,1258,Math102,Prof. Gray
1578,Elliot Clark,4305,Math138,Prof. Johnson
2546,George Johnson,983,Math191,Prof. Gray
4332,Carol Hall,3702,Math104,Prof. Taylor
638,Omar Evans,4884,Math134,Prof. Smith
1296,Dana Lee,1094,Math149,Prof. Johnson
3939,Fiona Martinez,2613,Math169,Prof. Brown
172,Vince Robinson,3216,Math182,Prof. Jones
4101,Derek Moore,1666,Math162,Prof. Williams
1317,Vince Williams,1895,Math112,Prof. Gray
5469,Ruby Gray,2382,Math146,Prof. Miller
3008,Tina Ross,4595,Math143,Prof. Miller
1368,Mia Jackson,701,Math131,Prof. Green
685,Dana Reyes,4493,Math197,Prof. Smith
5621,Sam Brown,496,Math194,Prof. Wilson
823,Vince Morris,1315,Math149,Prof. Brown
867,Julia Cooper,593,Math138,Prof. White
81,Yara Jackson,3836,Math121,Prof. Jones
2029,Isaac Henderson,4593,Math197,Prof. Brown
6758,Isla Jackson,935,Math172,Prof. Gray
1641,Laura Allen,2235,Math194,Prof. Gray
1228,Wendy Wilson,1334,Math180,Prof. Gray
5033,Vince Adams,926,Math191,Prof. Wilson
3903,Cindy Evans,2185,Math167,Prof. Taylor
760,Will Young,713,Math188,Prof. Taylor
5891,Rachel Gray,3028,Math135,Prof. Williams
5107,Steve Thompson,3324,Math153,Prof. Johnson
4451,Freddie Roberts,4201,Math128,Prof. Jones
2983,Ursula Barnes,4040,Math151,Prof. Jones
5662,Zane King,3221,Math131,Prof. Davis
2749,Penny Bell,2290,Math168,Prof. Davis
1460,Charlie Sanders,891,Math196,Prof. Brown
1760,Dave Nelson,2467,Math121,Prof. Williams
6067,Bryan Rogers,862,Math105,Prof. Johnson
1055,Nina Mitchell,2197,Math149,Prof. Davis
6789,Renee Morris,3072,Math197,Prof. Jones
1567,Nancy Morgan,1239,Math168,Prof. Green
6436,Wyatt Jenkins,431,Math126,Prof. Gray
5859,Isla Anderson,2549,Math161,Prof. Taylor
820,Wyatt King,1690,Math128,Prof. Brown
2074,Fiona Powell,992,Math129,Prof. Davis
3109,Derek Henderson,4379,Math101,Prof. Jones
1351,Jack Jones,1060,Math120,Prof. Miller
4228,Vera Hughes,1151,Math166,Prof. Jones
5707,Xander Henderson,3967,Math177,Prof. Jones
3834,Laura Evans,1659,Math148,Prof. Miller
4227,Frances Henderson,733,Math152,Prof. White
4451,Freddie Roberts,2217,Math182,Prof. Gray
3669,Ursula Peterson,3890,Math139,Prof. Smith
1233,Xander Gonzalez,3164,Math143,Prof. Williams
6748,Carol Reyes,1885,Math151,Prof. Wilson
3353,Will Hughes,4968,Math190,Prof. Johnson
772,Yvette Henderson,2362,Math184,Prof. Miller
1283,Julia Hughes,4586,Math151,Prof. Miller
3680,Victor Ross,408,Math160,Prof. Williams
6496,Ian Morgan,515,Math148,Prof. Brown
1142,Sam Perry,2912,Math177,Prof. Wilson
391,Dave Kelly,3978,Math165,Prof. Jones
6659,Rose Flores,2062,Math187,Prof. Gray
4884,Mark Taylor,3989,Math155,Prof. Brown
3886,Nate Price,2418,Math110,Prof. Brown
2616,Nathan Jones,1656,Math164,Prof. Davis
3766,Ximena Coleman,3139,Math125,Prof. White
537,Lena Campbell,1731,Math154,Prof. Brown
3244,Theo Myers,3769,Math116,Prof. Brown
2454,Caleb Mitchell,621,Math198,Prof. Jones
1230,Laura Green,973,Math138,Prof. Williams
5070,Clara Cooper,2185,Math167,Prof. Taylor
3792,Tim Cook,3711,Math120,Prof. Taylor
2799,Bella Williams,102,Math107,Prof. Smith
640,Wyatt Reyes,1930,Math113,Prof. Jones
369,Jack Howard,1259,Math191,Prof. Taylor
4652,Helen Henderson,4404,Math121,Prof. Wilson
2373,Tim Robinson,1882,Math182,Prof. Brown
4000,Zoe Allen,1863,Math153,Prof. Jones
3080,Sam Powell,505,Math111,Prof. Taylor
4871,Maddie Johnson,285,Math106,Prof. Johnson
3128,Xavier Jackson,1432,Math129,Prof. Taylor
1900,Wyatt Nelson,2591,Math109,Prof. Brown
1244,Clara Reed,2274,Math134,Prof. Williams
1292,Hazel Jenkins,1817,Math150,Prof. Gray
3962,Penny Gonzalez,3852,Math116,Prof. Jones
6824,Vanessa Harris,200,Math125,Prof. Smith
716,Helen Reed,3753,Math188,Prof. Brown
2709,Tina King,1352,Math157,Prof. Jones
3910,Lena Parker,3272,Math115,Prof. White
4583,Rita Barnes,2997,Math136,Prof. Johnson
5760,Xander Russell,2738,Math189,Prof. Miller
1454,Tracy Campbell,4818,Math174,Prof. White
4704,Xavier Cooper,606,Math181,Prof. White
4538,Cindy Anderson,4716,Math174,Prof. Williams
336,Bianca Griffin,820,Math182,Prof. Taylor
3742,Noah Jenkins,3853,Math177,Prof. Miller
4803,Quinn Lee,1471,Math140,Prof. Williams
1376,Ulysses Mitchell,1135,Math122,Prof. Wilson
5509,Jasper Griffin,3044,Math163,Prof. Taylor
5100,Wendy Foster,1736,Math196,Prof. White
2436,Karen Ross,1666,Math162,Prof. Williams
4386,Uma Young,1415,Math114,Prof. Wilson
2899,Tim Anderson,4112,Math164,Prof. Brown
2000,Dave Evans,4112,Math164,Prof. Brown
1919,Xena Robinson,780,Math112,Prof. Williams
1269,Justin Turner,2085,Math124,Prof. Brown
5450,Kieran Rodriguez,3142,Math168,Prof. Williams
3802,Quinn Robinson,2895,Math139,Prof. Davis
5248,Hank Kelly,3127,Math162,Prof. Brown
768,Dave Cook,4726,Math135,Prof. Green
4912,Nancy Williams,2055,Math171,Prof. Smith
2742,Patrick Fisher,3548,Math142,Prof. Taylor
3775,Jasper Smith,1253,Math105,Prof. Jones
2068,Elena Coleman,544,Math154,Prof. Johnson
5693,Hank Barnes,1319,Math125,Prof. Green
4295,Xander Ward,2613,Math169,Prof. Brown
2673,Tracy Carter,1882,Math182,Prof. Brown
3261,Vera Torres,1350,Math199,Prof. Williams
1328,Maddie Fisher,4860,Math156,Prof. Wilson
5638,Uma Coleman,4668,Math156,Prof. Smith
3656,Gareth Taylor,1084,Math145,Prof. White
6904,Cindy Smith,3914,Math168,Prof. Taylor
959,Simone Sanders,2215,Math198,Prof. Williams
881,Yvette Coleman,3403,Math120,Prof. Smith
238,Sophia Garcia,2318,Math108,Prof. Davis
5600,Quincy Jenkins,4502,Math130,Prof. Gray
2112,Xavier Smith,1791,Math191,Prof. Smith
1605,Karen Garcia,3110,Math107,Prof. Wilson
969,Milo Rogers,4469,Math109,Prof. Taylor
5834,Ethan Price,2464,Math104,Prof. Williams
6509,Ian Wright,1398,Math131,Prof. Smith
672,Yasmine Cruz,518,Math102,Prof. Smith
1228,Wendy Wilson,1780,Math199,Prof. Taylor
5275,Ulysses Foster,2325,Math146,Prof. Gray
2755,Aaron Price,3217,Math179,Prof. Miller
6952,Eve Wilson,1032,Math145,Prof. Taylor
1686,Uma Anderson,2267,Math153,Prof. Brown
349,Uriel Walker,2203,Math110,Prof. Taylor
1520,Uriel Hall,2749,Math185,Prof. Miller
3584,Hazel Brown,170,Math162,Prof. Johnson
2120,Peter Parker,4456,Math137,Prof. Davis
2740,Hank Baker,2749,Math185,Prof. Miller
4104,Ethan Coleman,4983,Math121,Prof. Green
713,Quincy Torres,4389,Math104,Prof. Davis
281,Harold Morgan,2287,Math125,Prof. Wilson
2203,Yara Thompson,1582,Math176,Prof. Taylor
4285,Alice Anderson,3399,Math116,Prof. Davis
3361,Jasper Perez,4243,Math108,Prof. Taylor
4623,Dave Taylor,3950,Math186,Prof. Miller
5775,Isla Nelson,1297,Math133,Prof. Williams
1695,Uriah Nelson,644,Math106,Prof. Davis
2740,Hank Baker,1865,Math139,Prof. Jones
2681,Ethan Roberts,4490,Math108,Prof. Jones
3881,Elliot Wright,3904,Math122,Prof. Jones
2411,Clara Cruz,4883,Math166,Prof. Brown
5546,Ian King,398,Math196,Prof. Miller
6966,Felix Turner,1352,Math157,Prof. Jones
4062,Tim Carter,948,Math138,Prof. Davis
1567,Nancy Morgan,3728,Math111,Prof. Johnson
4200,Theo Long,1406,Math142,Prof. Johnson
947,Olga Moore,446,Math112,Prof. Johnson
1705,Eve Henderson,3660,Math109,Prof. Davis
538,Dennis Hughes,2900,Math133,Prof. Gray
1290,Ophelia Davis,1285,Math146,Prof. Williams
2078,Quincy Baker,1158,Math124,Prof. Davis
3679,Renee Davis,3082,Math101,Prof. Taylor
335,Cindy Griffin,442,Math122,Prof. Williams
1101,Caleb Hughes,4182,Math133,Prof. Taylor
4964,Eve Perry,1407,Math111,Prof. Smith
2341,Olivia Robinson,3978,Math165,Prof. Jones
4599,Alice Carter,1350,Math199,Prof. Williams
213,Wesley Walker,882,Math108,Prof. Gray
789,Irene Morris,3221,Math131,Prof. Davis
2659,Milo Long,394,Math142,Prof. Gray
4408,Jack Griffin,1577,Math161,Prof. Brown
3496,Zelda Wilson,1863,Math153,Prof. Jones
5406,Ian Cook,1899,Math118,Prof. Jones
2813,Olga Thomas,545,Math173,Prof. Gray
5536,Dennis Harris,1673,Math150,Prof. Jones
2870,Xavier Robinson,3958,Math114,Prof. Green
5747,Mark Harris,1347,Math116,Prof. Miller
2388,Uma Lewis,107,Math186,Prof. Davis
3759,Harold Bailey,1040,Math189,Prof. Williams
4499,Gloria Parker,799,Math150,Prof. Brown
3854,Uriah Allen,3387,Math181,Prof. Wilson
276,Jasper Price,4277,Math115,Prof. Green
2357,Lena Turner,643,Math189,Prof. White
768,Dave Cook,2368,Math169,Prof. Taylor
2858,Yara Henderson,1659,Math148,Prof. Miller
3922,Yvonne Harris,4873,Math110,Prof. Smith
4654,Zelda Barnes,2248,Math120,Prof. Green
4056,Gloria Adams,3043,Math169,Prof. Johnson
5555,Jack Hall,4101,Math113,Prof. Williams
81,Yara Jackson,3689,Math118,Prof. Johnson
4615,Charlie Young,894,Math175,Prof. Jones
320,Gareth Taylor,751,Math198,Prof. White
4547,Aaron Jackson,1908,Math141,Prof. Gray
6703,Diana Perez,1390,Math134,Prof. Wilson
1008,Justin Garcia,1255,Math132,Prof. Johnson
2666,Renee Rodriguez,218,Math197,Prof. Williams
6955,Dave Williams,4936,Math156,Prof. Brown
1141,Yara Lewis,579,Math116,Prof. Johnson
4910,Sebastian Hughes,2726,Math192,Prof. Taylor
3664,Leon Thomas,1094,Math149,Prof. Johnson
4097,Gareth Jenkins,200,Math125,Prof. Smith
6272,Julia Nelson,4468,Math107,Prof. White
5041,Kyle Griffin,1978,Math131,Prof. Williams
2758,Penny Cook,2433,Math130,Prof. Johnson
5164,Gina Morris,150,Math187,Prof. Brown
1392,Yasmine Morris,3195,Math116,Prof. Smith
2355,Tim Carter,4095,Math184,Prof. Jones
5702,Elliot Young,2591,Math109,Prof. Brown
6530,Xena King,797,Math153,Prof. Wilson
4865,Sam Roberts,3819,Math169,Prof. Williams
5068,Nancy Jackson,1470,Math193,Prof. Jones
5029,Bryan Perry,2520,Math142,Prof. White
125,Gina Torres,981,Math181,Prof. Taylor
2389,Winston Scott,3809,Math102,Prof. Brown
3338,Uma Perez,1355,Math157,Prof. Taylor
5816,Irene Cruz,948,Math138,Prof. Davis
4673,Bryan Lee,3453,Math136,Prof. Davis
2588,Mark Cruz,2372,Math132,Prof. White
1692,Derek Cooper,4348,Math131,Prof. White
934,Theo Sullivan,3540,Math123,Prof. Green
3722,Uriah Reed,3426,Math170,Prof. Johnson
582,Olivia Brown,352,Math145,Prof. Wilson
4664,Bella Jones,4057,Math143,Prof. Green
3250,Philip Parker,2864,Math177,Prof. Gray
1252,Bianca Robinson,757,Math160,Prof. Green
3309,Elliot Ortiz,3521,Math161,Prof. Johnson
1544,Rose Jones,4761,Math132,Prof. Miller
5733,Ruby Roberts,2759,Math103,Prof. Green
1339,Theo Williams,2417,Math141,Prof. Jones
990,Zoe Wilson,2290,Math168,Prof. Davis
209,Julia Turner,133,Math181,Prof. Brown
6502,Bob Lee,3856,Math132,Prof. Taylor
5252,Dave Powell,3152,Math168,Prof. Jones
6367,Monica Ward,741,Math108,Prof. Williams
6604,Mark Jenkins,1087,Math153,Prof. Williams
6988,Penny Davis,472,Math136,Prof. Green
